* --------------------------------------------------------------------------- *,,,,,,,,,,,,,,,,,,,,,,,,,,,,,,,,,,,,,,,,,,,,,,,,,,,,,,,,,,,,,,,,,,,,,,,,,,,,,,,,,,,,,,,,,,,,,,,,,,,,,,,,,,,,
* Data Envelop Analysis (DEA): *,,,,,,,,,,,,,,,,,,,,,,,,,,,,,,,,,,,,,,,,,,,,,,,,,,,,,,,,,,,,,,,,,,,,,,,,,,,,,,,,,,,,,,,,,,,,,,,,,,,,,,,,,,,,
* Education *,,,,,,,,,,,,,,,,,,,,,,,,,,,,,,,,,,,,,,,,,,,,,,,,,,,,,,,,,,,,,,,,,,,,,,,,,,,,,,,,,,,,,,,,,,,,,,,,,,,,,,,,,,,,
"*Input- Output orientation, Single input and single output *",,,,,,,,,,,,,,,,,,,,,,,,,,,,,,,,,,,,,,,,,,,,,,,,,,,,,,,,,,,,,,,,,,,,,,,,,,,,,,,,,,,,,,,,,,,,,,,,,,,,,,,,,,,,
* Written by Santiago Herrera and Abdoulaye Ouedraogo for the paper titled             *,,,,,,,,,,,,,,,,,,,,,,,,,,,,,,,,,,,,,,,,,,,,,,,,,,,,,,,,,,,,,,,,,,,,,,,,,,,,,,,,,,,,,,,,,,,,,,,,,,,,,,,,,,,,
* Efficiency of Public Spending in Developing Countries  an Efficiency Frontier Approach                              *,,,,,,,,,,,,,,,,,,,,,,,,,,,,,,,,,,,,,,,,,,,,,,,,,,,,,,,,,,,,,,,,,,,,,,,,,,,,,,,,,,,,,,,,,,,,,,,,,,,,,,,,,,,,
* --------------------------------------------------------------------------- *,,,,,,,,,,,,,,,,,,,,,,,,,,,,,,,,,,,,,,,,,,,,,,,,,,,,,,,,,,,,,,,,,,,,,,,,,,,,,,,,,,,,,,,,,,,,,,,,,,,,,,,,,,,,
,,,,,,,,,,,,,,,,,,,,,,,,,,,,,,,,,,,,,,,,,,,,,,,,,,,,,,,,,,,,,,,,,,,,,,,,,,,,,,,,,,,,,,,,,,,,,,,,,,,,,,,,,,,,
,,,,,,,,,,,,,,,,,,,,,,,,,,,,,,,,,,,,,,,,,,,,,,,,,,,,,,,,,,,,,,,,,,,,,,,,,,,,,,,,,,,,,,,,,,,,,,,,,,,,,,,,,,,,
,,,,,,,,,,,,,,,,,,,,,,,,,,,,,,,,,,,,,,,,,,,,,,,,,,,,,,,,,,,,,,,,,,,,,,,,,,,,,,,,,,,,,,,,,,,,,,,,,,,,,,,,,,,,
,Single Input-Single Output: Excluding Developed Countries,,,,,,,,,,,,,,Single Input-Single Output: Including Developed Countries,,,,,,,,,,,,,,Single Input-Single Output: Excluding Developed Countries,,,,,,,,,,,,,,Single Input-Single Output: Including Developed Countries,,,,,,,,,,,,,,Single Input-Single Output: Excluding Developed Countries,,,,,,,,,,,,,,Single Input-Single Output: Including Developed Countries,,,,,,,,,,,,,,Single Input-Single Output: Excluding Developed Countries,,,,,,,,,,,,,,Single Input-Single Output: Including Developed Countries,,,,,,,,,
,,,,,,,,,,,,,,,,,,,,,,,,,,,,,,,,,,,,,,,,,,,,,,,,,,,,,,,,,,,,,,,,,,,,,,,,,,,,,,,,,,,,,,,,,,,,,,,,,,,,,,,,,,,,
Excluding Developed Countries,,,,,,Excluding Developed Countries,,,,,,,,Including Developed Countries,,,,,,Including Developed Countries,,,,,,,,Excluding Developed Countries,,,,,,Excluding Developed Countries,,,,,,,,Including Developed Countries,,,,,,Including Developed Countries,,,,,,,,Excluding Developed Countries,,,,,,Excluding Developed Countries,,,,,,,,Including Developed Countries,,,,,,Including Developed Countries,,,,,,,,Excluding Developed Countries,,,,,,Excluding Developed Countries,,,,,,,,Including Developed Countries,,,,,,Including Developed Countries,,,,
"School enrollment, secondary (% net) ",,,,,,"School enrollment, primary (% net) ",,,,,,,,"School enrollment, secondary (% net) ",,,,,,"School enrollment, primary (% net) ",,,,,,,,"School enrollment, secondary (% gross) ",,,,,,"School enrollment, primary (% gross) ",,,,,,,,"School enrollment, secondary (% gross) ",,,,,,"School enrollment, primary (% gross) ",,,,,,,,"Literacy rate, youth total (% of people ages 15-24) ",,,,,,"Average years of school, ages 15+",,,,,,,,"Literacy rate, youth total (% of people ages 15-24) ",,,,,,"Average years of school, ages 15+",,,,,,,,,"First level complete, ages 15+",,,,,,"second level complete, ages 15+",,,,,,,,"First level complete, ages 15+",,,,,,"second level complete, ages 15+",,,
,Input Efficiency,,Output Efficeiency,,,,Input Efficiency,,Output Efficeiency,,,,,,Input Efficiency,,Output Efficeiency,,,,Input Efficiency,,Output Efficeiency,,,,,,Input Efficiency,,Output Efficeiency,,,,Input Efficiency,,Output Efficeiency,,,,,,Input Efficiency,,Output Efficeiency,,,,Input Efficiency,,Output Efficeiency,,,,,,Input Efficiency,,Output Efficeiency,,,,Input Efficiency,,Output Efficeiency,,,,,,Input Efficiency,,Output Efficeiency,,,,Input Efficiency,,Output Efficeiency,,,,,,Input Efficiency,,Output Efficeiency,,,,Input Efficiency,,Output Efficeiency,,,,,,Input Efficiency,,Output Efficeiency,,,,Input Efficiency,,Output Efficeiency,
dmu,FDH,DEA,FDH,DEA,,dmu,FDH,DEA,FDH,DEA,,,,,Input ,,output,,,dmu,FDH,DEA,FDH,DEA,,,,dmu,FDH,DEA,FDH,DEA,,dmu,FDH,DEA,FDH,DEA,,,,dmu,FDH,DEA,FDH,DEA,,dmu,FDH,DEA,FDH,DEA,,,,dmu,FDH,DEA,FDH,DEA,,dmu,FDH,DEA,FDH,DEA,,,,dmu,FDH,DEA,FDH,DEA,,dmu,FDH,DEA,FDH,DEA,,,,dmu,FDH,DEA,FDH,DEA,,dmu,FDH,DEA,FDH,DEA,,,,dmu,FDH,DEA,FDH,DEA,,dmu,FDH,DEA,FDH,DEA
AGO,0.051,0.051,0.262,0.256,,AGO,0.066,0.066,0.819,0.819,,,,dmu,FDH,DEA,FDH,DEA,,AGO,0.610,0.610,0.819,0.819,,,,AGO,0.065,0.065,0.115,0.115,,AGO,0.924,0.495,0.975,0.846,,,,AGO,0.620,0.620,0.115,0.115,,AGO,0.985,0.715,0.991,0.840,,,,AGO,0.066,0.066,0.775,0.775,,ALB,0.444,0.381,0.771,0.771,,,,AGO,0.080,0.080,0.775,0.775,,ALB,0.653,0.653,0.767,0.754,,,,ALB,0.360,0.360,0.204,0.138,,ALB,0.444,0.418,0.678,0.678,,,,ALB,0.777,0.677,0.204,0.123,,ALB,0.653,0.653,0.678,0.678
ALB,0.081,0.073,0.876,0.859,,ALB,0.361,0.281,0.937,0.937,,,,AGO,0.608,0.608,0.204,0.204,,ALB,0.774,0.731,0.937,0.937,,,,ALB,0.814,0.100,0.852,0.852,,ALB,0.361,0.226,0.926,0.784,,,,ALB,0.658,0.658,0.852,0.852,,ALB,0.645,0.645,0.926,0.776,,,,ALB,0.074,0.074,0.991,0.991,,ARG,0.224,0.224,0.739,0.739,,,,ALB,0.092,0.092,0.991,0.991,,ARG,0.574,0.574,0.722,0.722,,,,ARG,0.670,0.409,0.575,0.575,,ARG,0.276,0.233,0.480,0.480,,,,ARG,0.881,0.779,0.832,0.579,,ARG,0.574,0.574,0.480,0.480
ARG,0.048,0.048,0.959,0.952,,ARG,0.383,0.366,0.992,0.992,,,,ALB,0.647,0.647,0.722,0.697,,ARG,0.752,0.740,0.992,0.992,,,,ARG,0.495,0.088,0.860,0.860,,ARG,0.619,0.269,0.778,0.778,,,,ARG,0.582,0.582,0.860,0.860,,ARG,0.910,0.617,0.778,0.778,,,,ARG,0.142,0.052,0.994,0.993,,ARM,0.456,0.436,0.819,0.819,,,,ARG,0.151,0.064,0.994,0.993,,ARM,0.648,0.648,0.816,0.802,,,,ARM,0.370,0.370,0.120,0.083,,ARM,0.656,0.493,0.830,0.830,,,,ARM,0.772,0.658,0.097,0.072,,ARM,0.648,0.648,0.830,0.830
ARM,0.085,0.077,0.880,0.863,,ARM,0.655,0.390,0.963,0.963,,,,ARG,0.598,0.577,0.769,0.769,,ARM,0.780,0.762,0.963,0.963,,,,ARM,0.841,0.332,0.892,0.892,,ARM,0.377,0.102,0.883,0.757,,,,ARM,0.653,0.653,0.892,0.892,,ARM,0.642,0.642,0.883,0.738,,,,ARM,0.247,0.223,0.999,0.999,,BDI,0.245,0.245,0.296,0.296,,,,ARM,0.253,0.230,0.999,0.999,,AUS,0.785,0.712,0.924,0.924,,,,BDI,0.734,0.413,0.543,0.543,,BDI,0.245,0.245,0.082,0.082,,,,AUS,0.750,0.649,0.144,0.103,,AUS,0.630,0.630,0.593,0.593
ATG,1.000,1.000,1.000,1.000,,ATG,0.924,0.920,0.997,0.994,,,,ARM,0.643,0.643,0.725,0.698,,ATG,0.945,0.945,0.996,0.966,,,,ATG,1.000,1.000,1.000,1.000,,ATG,1.000,0.948,1.000,0.998,,,,ATG,0.946,0.946,0.904,0.897,,ATG,0.944,0.944,0.913,0.890,,,,AZE,1.000,1.000,1.000,1.000,,BEN,0.254,0.254,0.381,0.381,,,,AZE,1.000,1.000,1.000,1.000,,AUT,0.542,0.542,0.751,0.751,,,,BEN,0.254,0.254,0.258,0.258,,BEN,0.254,0.254,0.278,0.278,,,,AUT,0.645,0.619,0.305,0.305,,AUT,0.542,0.542,0.664,0.664
BDI,0.040,0.040,0.283,0.275,,AZE,1.000,0.642,1.000,0.972,,,,ATG,1.000,0.987,1.000,0.992,,AUS,0.751,0.748,0.974,0.974,,,,BDI,0.051,0.051,0.194,0.194,,AZE,0.362,0.291,0.995,0.941,,,,AUS,0.643,0.643,0.867,0.867,,AUS,0.614,0.614,0.887,0.757,,,,BDI,0.051,0.051,0.796,0.796,,BGD,0.302,0.302,0.490,0.490,,,,BDI,0.062,0.062,0.796,0.796,,BDI,0.552,0.552,0.289,0.289,,,,BGD,0.811,0.305,0.611,0.444,,BGD,0.302,0.302,0.397,0.397,,,,BDI,0.848,0.733,0.543,0.543,,BDI,0.552,0.552,0.082,0.082
BEN,0.041,0.041,0.506,0.492,,BDI,0.248,0.153,0.920,0.920,,,,AUS,1.000,1.000,1.000,1.000,,AZE,1.000,0.906,1.000,0.946,,,,BEN,0.053,0.053,0.436,0.436,,BDI,0.913,0.605,0.886,0.886,,,,BDI,0.557,0.557,0.194,0.194,,AUT,0.526,0.526,0.690,0.690,,,,BEN,0.053,0.053,0.525,0.525,,BGR,0.754,0.535,0.849,0.849,,,,BEN,0.065,0.065,0.525,0.525,,BEN,0.561,0.561,0.372,0.372,,,,BGR,0.425,0.425,0.193,0.111,,BGR,0.524,0.504,0.719,0.719,,,,BEN,0.668,0.627,0.258,0.258,,BEN,0.561,0.561,0.278,0.278
BFA,0.042,0.042,0.250,0.243,,BEN,0.256,0.222,0.947,0.947,,,,AUT,0.529,0.529,0.734,0.734,,BDI,0.653,0.597,0.920,0.920,,,,BFA,0.053,0.053,0.198,0.198,,BEN,0.933,0.472,0.831,0.831,,,,BEN,0.567,0.567,0.436,0.436,,AZE,0.865,0.865,0.909,0.851,,,,BFA,0.053,0.053,0.501,0.501,,BLZ,0.362,0.255,0.845,0.845,,,,BFA,0.065,0.065,0.501,0.501,,BGD,0.597,0.597,0.479,0.479,,,,BLZ,0.204,0.204,0.235,0.235,,BLZ,0.252,0.215,0.495,0.495,,,,BGD,0.909,0.712,0.611,0.417,,BGD,0.597,0.597,0.397,0.397
BGD,0.050,0.050,0.515,0.503,,BFA,0.054,0.054,0.652,0.652,,,,BDI,0.546,0.546,0.221,0.221,,BEN,0.665,0.639,0.947,0.947,,,,BGD,0.063,0.063,0.493,0.493,,BFA,0.048,0.048,0.566,0.566,,,,BFA,0.566,0.566,0.198,0.198,,BDI,0.966,0.776,0.886,0.886,,,,BGD,0.064,0.064,0.657,0.657,,BOL,0.201,0.201,0.653,0.653,,,,BGD,0.077,0.077,0.657,0.657,,BGR,0.703,0.703,0.845,0.838,,,,BOL,0.201,0.201,0.128,0.128,,BOL,0.201,0.201,0.276,0.276,,,,BGR,0.836,0.718,0.193,0.094,,BGR,0.703,0.703,0.719,0.719
BGR,0.095,0.086,0.903,0.887,,BGD,0.306,0.156,0.908,0.908,,,,BEN,0.555,0.555,0.395,0.395,,BFA,0.556,0.556,0.652,0.652,,,,BGR,0.951,0.187,0.964,0.871,,BGD,0.687,0.327,0.920,0.790,,,,BGD,0.602,0.602,0.493,0.493,,BEN,0.964,0.696,0.831,0.831,,,,BGR,0.086,0.086,0.979,0.979,,BRA,0.205,0.205,0.602,0.602,,,,BGR,0.108,0.108,0.979,0.979,,BLZ,0.529,0.529,0.825,0.825,,,,BRA,0.549,0.288,0.483,0.483,,BRA,0.205,0.205,0.408,0.408,,,,BLZ,0.629,0.584,0.235,0.235,,BLZ,0.529,0.529,0.495,0.495
BLR,1.000,0.605,1.000,0.987,,BGR,0.737,0.424,0.965,0.962,,,,BFA,0.555,0.555,0.195,0.195,,BGD,0.708,0.632,0.908,0.908,,,,BLR,0.617,0.507,0.970,0.970,,BGR,0.417,0.115,0.884,0.777,,,,BGR,0.709,0.709,0.902,0.870,,BFA,0.554,0.554,0.566,0.566,,,,BLR,0.159,0.140,0.999,0.999,,BRB,0.200,0.200,0.732,0.732,,,,BLR,0.169,0.150,0.999,0.999,,BOL,0.521,0.521,0.637,0.637,,,,BRB,0.200,0.200,0.066,0.066,,BRB,0.200,0.200,0.304,0.304,,,,BOL,0.620,0.547,0.128,0.128,,BOL,0.521,0.521,0.276,0.276
BLZ,0.045,0.035,0.720,0.713,,BLR,0.244,0.174,0.930,0.930,,,,BGD,0.592,0.592,0.402,0.402,,BGR,0.845,0.823,0.964,0.963,,,,BLZ,0.042,0.042,0.670,0.670,,BLR,0.240,0.074,0.690,0.690,,,,BLR,0.887,0.743,0.970,0.970,,BGD,0.877,0.613,0.920,0.780,,,,BOL,0.041,0.041,0.992,0.992,,BWA,0.152,0.129,0.767,0.767,,,,BOL,0.051,0.051,0.992,0.992,,BRA,0.543,0.543,0.587,0.587,,,,BWA,0.123,0.123,0.069,0.069,,BWA,0.152,0.125,0.439,0.439,,,,BRA,0.829,0.691,0.483,0.483,,BRA,0.543,0.543,0.408,0.408
BOL,0.044,0.037,0.778,0.770,,BLZ,0.203,0.201,0.960,0.960,,,,BGR,0.696,0.696,0.744,0.740,,BLR,0.702,0.653,0.930,0.930,,,,BOL,0.041,0.041,0.749,0.749,,BLZ,0.446,0.233,0.768,0.768,,,,BLZ,0.536,0.536,0.670,0.670,,BGR,0.695,0.695,0.920,0.771,,,,BRA,0.041,0.041,0.984,0.984,,CAF,0.265,0.265,0.308,0.308,,,,BRA,0.052,0.052,0.984,0.984,,BRB,0.539,0.539,0.714,0.714,,,,CAF,0.265,0.265,0.548,0.380,,CAF,0.265,0.265,0.153,0.153,,,,BRB,0.642,0.547,0.066,0.066,,BRB,0.539,0.539,0.304,0.304
BRA,0.045,0.042,0.911,0.901,,BOL,0.200,0.093,0.903,0.903,,,,BLR,0.827,0.631,0.795,0.795,,BLZ,0.625,0.615,0.960,0.960,,,,BRA,0.042,0.042,0.804,0.804,,BOL,0.199,0.062,0.690,0.690,,,,BOL,0.528,0.528,0.749,0.749,,BLR,0.584,0.584,0.836,0.704,,,,CAF,0.056,0.056,0.364,0.364,,CHL,0.399,0.353,0.784,0.784,,,,CAF,0.068,0.068,0.364,0.364,,BWA,0.423,0.423,0.749,0.749,,,,CHL,0.324,0.324,0.217,0.156,,CHL,0.399,0.363,0.611,0.611,,,,BWA,0.504,0.430,0.069,0.069,,BWA,0.423,0.423,0.439,0.439
BRB,0.044,0.043,0.966,0.955,,BRA,0.201,0.157,0.937,0.937,,,,BLZ,0.521,0.521,0.577,0.577,,BOL,0.616,0.544,0.903,0.903,,,,BRB,0.496,0.186,0.896,0.896,,BRA,0.716,0.363,0.831,0.831,,,,BRA,0.551,0.551,0.804,0.804,,BLZ,0.772,0.555,0.768,0.768,,,,CHL,0.064,0.064,0.992,0.991,,CHN,0.396,0.396,0.637,0.637,,,,CHL,0.082,0.082,0.992,0.991,,CAF,0.567,0.567,0.301,0.301,,,,CHN,0.396,0.396,0.597,0.325,,CHN,0.396,0.396,0.359,0.359,,,,CAF,0.675,0.670,0.378,0.378,,CAF,0.567,0.567,0.153,0.153
CAF,0.044,0.044,0.155,0.151,,BRB,0.196,0.151,0.936,0.936,,,,BOL,0.514,0.514,0.624,0.624,,BRA,0.641,0.605,0.937,0.937,,,,CAF,0.055,0.055,0.127,0.127,,BRB,0.036,0.036,0.670,0.670,,,,BRB,0.547,0.547,0.896,0.896,,BOL,0.513,0.513,0.690,0.690,,,,CHN,0.262,0.184,0.997,0.997,,CIV,0.255,0.255,0.389,0.389,,,,CHN,0.270,0.197,0.997,0.997,,CAN,0.784,0.750,0.950,0.950,,,,CIV,0.685,0.358,0.482,0.482,,CIV,0.255,0.255,0.148,0.148,,,,CAN,0.630,0.630,0.045,0.032,,CAN,0.630,0.630,0.488,0.488
CHL,0.070,0.064,0.917,0.895,,BWA,0.080,0.042,0.890,0.890,,,,BRA,0.535,0.535,0.730,0.730,,BRB,0.636,0.599,0.936,0.936,,,,CHL,0.715,0.237,0.883,0.883,,BWA,0.209,0.097,0.737,0.737,,,,CAF,0.573,0.573,0.127,0.127,,BRA,0.928,0.671,0.831,0.831,,,,CIV,0.053,0.053,0.507,0.507,,CMR,0.281,0.281,0.511,0.511,,,,CIV,0.065,0.065,0.507,0.507,,CHE,1.000,0.931,1.000,0.993,,,,CMR,0.915,0.568,0.892,0.650,,CMR,0.281,0.281,0.244,0.244,,,,CHE,0.843,0.710,0.105,0.052,,CHE,0.708,0.708,0.699,0.699
CHN,0.089,0.079,0.858,0.842,,CAF,0.056,0.056,0.687,0.687,,,,BRB,0.562,0.548,0.775,0.775,,BWA,0.481,0.428,0.890,0.890,,,,CHN,1.000,1.000,1.000,1.000,,CAF,0.050,0.050,0.626,0.626,,,,CHE,0.724,0.724,0.872,0.845,,BRB,0.529,0.529,0.670,0.670,,,,CMR,0.059,0.059,0.806,0.806,,COG,0.222,0.222,0.480,0.480,,,,CMR,0.072,0.072,0.806,0.806,,CHL,0.665,0.665,0.781,0.769,,,,COG,0.222,0.222,0.114,0.114,,COG,0.222,0.222,0.094,0.094,,,,CHL,0.791,0.698,0.334,0.154,,CHL,0.665,0.665,0.611,0.611
CIV,0.041,0.041,0.399,0.388,,CHL,0.315,0.254,0.940,0.940,,,,CAF,0.561,0.561,0.121,0.121,,CAF,0.563,0.563,0.687,0.687,,,,CMR,0.059,0.059,0.417,0.417,,CHL,0.308,0.126,0.847,0.727,,,,CHL,0.672,0.672,0.883,0.883,,BWA,0.413,0.413,0.737,0.737,,,,COG,0.046,0.046,0.810,0.809,,COL,0.275,0.275,0.725,0.725,,,,COG,0.056,0.056,0.810,0.809,,CHN,0.673,0.673,0.634,0.626,,,,COL,0.738,0.390,0.704,0.503,,COL,0.275,0.275,0.394,0.394,,,,CHN,0.801,0.744,0.597,0.279,,CHN,0.673,0.673,0.359,0.359
CMR,0.046,0.046,0.482,0.470,,CHN,1.000,1.000,1.000,1.000,,,,CAN,0.871,0.650,0.784,0.784,,CAN,0.872,0.856,0.997,0.997,,,,COL,0.056,0.056,0.791,0.791,,CHN,0.882,0.362,0.960,0.834,,,,CHN,1.000,1.000,1.000,1.000,,CAF,0.560,0.560,0.626,0.626,,,,COL,0.056,0.056,0.983,0.983,,CRI,0.167,0.167,0.648,0.648,,,,COL,0.070,0.070,0.983,0.983,,CIV,0.565,0.565,0.380,0.380,,,,CRI,0.544,0.341,0.621,0.621,,CRI,0.167,0.167,0.322,0.322,,,,CIV,0.861,0.718,0.482,0.482,,CIV,0.565,0.565,0.148,0.148
COG,0.035,0.035,0.509,0.501,,CIV,0.054,0.054,0.701,0.701,,,,CHE,0.691,0.691,0.765,0.757,,CHE,0.830,0.786,0.941,0.940,,,,COM,0.052,0.052,0.440,0.440,,CIV,0.048,0.048,0.580,0.580,,,,CMR,0.589,0.589,0.417,0.417,,CAN,0.614,0.614,0.835,0.712,,,,COM,0.053,0.053,0.716,0.716,,CZE,0.966,0.958,0.995,0.995,,,,COM,0.064,0.064,0.716,0.716,,CMR,0.584,0.584,0.499,0.499,,,,CZE,0.545,0.545,0.036,0.025,,CZE,1.000,1.000,1.000,1.000,,,,CMR,0.897,0.815,0.892,0.631,,CMR,0.584,0.584,0.244,0.244
COL,0.062,0.059,0.953,0.927,,CMR,0.190,0.111,0.895,0.895,,,,CHL,0.656,0.656,0.756,0.734,,CHL,0.786,0.746,0.940,0.940,,,,CPV,0.050,0.050,0.679,0.679,,CMR,0.636,0.270,0.907,0.760,,,,COL,0.609,0.609,0.791,0.791,,CHE,0.687,0.687,0.943,0.786,,,,CPV,0.050,0.050,0.982,0.982,,DOM,0.531,0.531,0.632,0.632,,,,CPV,0.062,0.062,0.982,0.982,,COG,0.541,0.541,0.469,0.469,,,,DOM,0.531,0.531,0.499,0.336,,DOM,0.531,0.531,0.384,0.384,,,,COG,0.644,0.563,0.114,0.114,,COG,0.541,0.541,0.094,0.094
COM,0.041,0.041,0.569,0.552,,COG,0.222,0.109,0.906,0.906,,,,CHN,0.667,0.667,0.707,0.691,,CHN,1.000,1.000,1.000,1.000,,,,CRI,0.034,0.034,0.774,0.774,,COG,0.490,0.249,0.765,0.765,,,,COM,0.564,0.564,0.440,0.440,,CHL,0.655,0.655,0.900,0.760,,,,CRI,0.034,0.034,0.992,0.992,,ECU,0.262,0.262,0.624,0.624,,,,CRI,0.042,0.042,0.992,0.992,,COL,0.603,0.603,0.708,0.708,,,,ECU,0.898,0.600,0.675,0.675,,ECU,0.322,0.265,0.434,0.434,,,,COL,0.919,0.768,0.747,0.514,,COL,0.603,0.603,0.394,0.394
CPV,0.054,0.048,0.856,0.830,,COL,0.273,0.173,0.921,0.921,,,,CIV,0.558,0.558,0.311,0.311,,CIV,0.560,0.560,0.701,0.701,,,,DOM,0.110,0.110,0.748,0.664,,COL,0.844,0.448,0.815,0.815,,,,CPV,0.568,0.568,0.679,0.679,,CHN,0.666,0.666,0.960,0.819,,,,DOM,0.111,0.111,0.973,0.973,,EGY,0.346,0.346,0.568,0.568,,,,CYP,0.079,0.070,0.999,0.999,,CRI,0.494,0.494,0.632,0.632,,,,EGY,0.346,0.346,0.216,0.142,,EGY,0.346,0.346,0.404,0.404,,,,CRI,0.759,0.692,0.621,0.621,,CRI,0.494,0.494,0.322,0.322
CRI,1.000,1.000,1.000,1.000,,COM,0.053,0.053,0.815,0.815,,,,CMR,0.578,0.578,0.376,0.376,,CMR,0.669,0.601,0.895,0.895,,,,ECU,0.054,0.054,0.798,0.798,,COM,0.256,0.153,0.717,0.717,,,,CRI,0.502,0.502,0.774,0.774,,CIV,0.557,0.557,0.580,0.580,,,,ECU,0.053,0.053,0.986,0.986,,EST,0.409,0.366,0.945,0.945,,,,DOM,0.135,0.135,0.973,0.973,,CYP,0.541,0.440,0.875,0.875,,,,EST,0.231,0.231,0.072,0.072,,EST,0.284,0.271,0.700,0.700,,,,CYP,0.517,0.480,0.234,0.234,,CYP,0.435,0.435,0.541,0.541
CZE,0.109,0.104,0.946,0.932,,CPV,0.426,0.285,0.969,0.969,,,,COG,0.534,0.534,0.404,0.404,,COG,0.640,0.569,0.906,0.906,,,,EGY,0.071,0.071,0.820,0.820,,CPV,0.539,0.277,0.767,0.767,,,,CYP,0.444,0.444,0.928,0.928,,CMR,0.856,0.580,0.907,0.758,,,,EGY,0.071,0.071,0.897,0.896,,FJI,0.366,0.346,0.814,0.814,,,,ECU,0.066,0.066,0.986,0.986,,CZE,1.000,0.998,1.000,0.999,,,,FJI,0.297,0.297,0.422,0.303,,FJI,0.366,0.332,0.602,0.602,,,,CZE,0.803,0.803,0.036,0.020,,CZE,1.000,1.000,1.000,1.000
DJI,0.043,0.043,0.403,0.392,,CRI,0.287,0.217,0.976,0.976,,,,COL,0.595,0.595,0.744,0.744,,COL,0.713,0.653,0.921,0.921,,,,EST,0.566,0.321,0.928,0.928,,CRI,0.466,0.203,0.777,0.777,,,,DNK,0.297,0.297,0.904,0.904,,COG,0.791,0.564,0.765,0.765,,,,EST,1.000,0.192,1.000,1.000,,GAB,0.814,0.814,0.927,0.825,,,,EGY,0.088,0.088,0.897,0.896,,DEU,0.877,0.844,0.972,0.964,,,,GAB,0.814,0.814,0.862,0.766,,GAB,0.814,0.814,0.916,0.474,,,,DEU,0.839,0.705,0.093,0.046,,DEU,0.705,0.705,0.730,0.730
DOM,0.122,0.094,0.734,0.724,,DJI,0.055,0.055,0.560,0.560,,,,COM,0.553,0.553,0.444,0.444,,COM,0.554,0.554,0.815,0.815,,,,ETH,0.053,0.053,0.307,0.307,,CZE,0.492,0.159,0.932,0.814,,,,DOM,0.730,0.730,0.668,0.644,,COL,0.994,0.717,0.988,0.839,,,,GAB,0.169,0.169,0.886,0.885,,GHA,0.225,0.225,0.569,0.569,,,,ESP,0.232,0.173,0.997,0.997,,DNK,0.289,0.289,0.868,0.868,,,,GHA,0.225,0.225,0.147,0.147,,GHA,0.225,0.225,0.328,0.328,,,,DNK,0.344,0.290,0.044,0.044,,DNK,0.289,0.289,0.576,0.576
ECU,0.059,0.056,0.939,0.912,,DOM,0.121,0.120,0.877,0.877,,,,CPV,0.555,0.555,0.668,0.668,,CPV,0.675,0.666,0.969,0.969,,,,FJI,0.061,0.061,0.831,0.831,,DJI,0.050,0.050,0.449,0.449,,,,ECU,0.594,0.594,0.798,0.798,,COM,0.551,0.551,0.717,0.717,,,,GEO,0.295,0.224,0.998,0.997,,GMB,0.262,0.262,0.317,0.317,,,,EST,1.000,0.204,1.000,1.000,,DOM,0.726,0.726,0.632,0.626,,,,GMB,0.262,0.262,0.065,0.065,,GMB,0.262,0.262,0.065,0.065,,,,DOM,0.864,0.788,0.499,0.251,,DOM,0.726,0.726,0.384,0.384
EGY,0.078,0.062,0.756,0.740,,ECU,0.260,0.228,0.948,0.948,,,,CRI,0.685,0.548,0.818,0.818,,CRI,0.590,0.590,0.976,0.976,,,,GEO,1.000,0.413,1.000,0.911,,DOM,0.541,0.314,0.964,0.859,,,,EGY,0.649,0.649,0.820,0.820,,CPV,0.822,0.588,0.767,0.767,,,,GHA,0.047,0.047,0.858,0.857,,GTM,0.360,0.360,0.398,0.398,,,,GAB,0.207,0.207,0.886,0.885,,ECU,0.587,0.587,0.610,0.610,,,,GTM,0.965,0.416,0.813,0.550,,GTM,0.360,0.360,0.199,0.199,,,,ECU,0.992,0.853,0.978,0.697,,ECU,0.587,0.587,0.434,0.434
EST,1.000,0.786,1.000,0.992,,EGY,0.606,0.456,0.976,0.976,,,,CYP,0.424,0.424,0.716,0.716,,CYP,0.565,0.531,0.982,0.982,,,,GHA,0.047,0.047,0.499,0.499,,ECU,0.747,0.341,0.784,0.784,,,,ESP,1.000,0.822,1.000,0.969,,CRI,0.782,0.529,0.777,0.777,,,,GIN,0.055,0.055,0.389,0.389,,GUY,0.328,0.328,0.662,0.662,,,,GEO,0.300,0.234,0.998,0.997,,EGY,0.643,0.643,0.565,0.555,,,,GUY,0.328,0.328,0.554,0.401,,GUY,0.403,0.347,0.511,0.511,,,,EGY,0.766,0.670,0.176,0.129,,EGY,0.643,0.643,0.404,0.404
ETH,0.041,0.041,0.337,0.327,,EST,0.391,0.234,0.963,0.963,,,,CZE,0.795,0.795,0.946,0.842,,DEU,0.920,0.866,0.985,0.984,,,,GIN,0.054,0.054,0.310,0.310,,EGY,0.347,0.220,0.927,0.775,,,,EST,0.606,0.606,0.928,0.928,,CYP,0.422,0.422,0.689,0.689,,,,GMB,0.055,0.055,0.608,0.608,,HND,0.224,0.224,0.512,0.512,,,,GHA,0.057,0.057,0.858,0.857,,ESP,0.719,0.719,0.832,0.823,,,,HND,0.602,0.318,0.486,0.486,,HND,0.224,0.224,0.273,0.273,,,,ESP,0.855,0.820,0.766,0.382,,ESP,0.719,0.719,0.340,0.340
FJI,0.067,0.059,0.844,0.824,,ETH,0.053,0.053,0.797,0.797,,,,DEU,0.732,0.698,0.807,0.800,,DJI,0.565,0.565,0.560,0.560,,,,GTM,0.075,0.075,0.456,0.456,,EST,0.217,0.069,0.691,0.691,,,,ETH,0.564,0.564,0.307,0.307,,CZE,0.793,0.793,0.926,0.831,,,,GNB,0.058,0.058,0.604,0.604,,HRV,0.620,0.494,0.894,0.894,,,,GIN,0.067,0.067,0.389,0.389,,EST,0.743,0.673,0.923,0.923,,,,HRV,0.350,0.350,0.161,0.106,,HRV,0.431,0.426,0.772,0.772,,,,EST,0.710,0.608,0.110,0.075,,EST,0.597,0.597,0.700,0.700
GEO,0.104,0.097,0.924,0.910,,FJI,0.522,0.343,0.968,0.968,,,,DJI,0.564,0.564,0.314,0.314,,DNK,0.374,0.342,0.977,0.977,,,,GUY,0.068,0.068,0.799,0.799,,ETH,0.048,0.048,0.657,0.657,,,,FIN,0.407,0.407,0.938,0.938,,DEU,0.688,0.688,0.948,0.791,,,,GTM,0.075,0.075,0.933,0.933,,HTI,0.277,0.277,0.410,0.410,,,,GMB,0.067,0.067,0.608,0.608,,FIN,0.397,0.397,0.785,0.785,,,,HTI,0.277,0.277,0.139,0.100,,HTI,0.277,0.277,0.324,0.324,,,,FIN,0.605,0.480,0.414,0.414,,FIN,0.397,0.397,0.414,0.414
GHA,0.036,0.036,0.538,0.530,,GEO,0.779,0.776,1.000,0.997,,,,DNK,0.395,0.383,0.927,0.927,,DOM,0.722,0.722,0.877,0.876,,,,HND,0.046,0.046,0.491,0.491,,FJI,0.298,0.184,0.871,0.739,,,,FJI,0.614,0.614,0.831,0.831,,DJI,0.563,0.563,0.449,0.449,,,,GUY,0.068,0.068,0.949,0.949,,HUN,0.551,0.462,0.916,0.916,,,,GNB,0.070,0.070,0.604,0.604,,FJI,0.608,0.608,0.795,0.795,,,,HUN,0.311,0.311,0.040,0.028,,HUN,0.382,0.382,0.791,0.791,,,,FJI,0.723,0.684,0.422,0.293,,FJI,0.608,0.608,0.602,0.602
GIN,0.043,0.043,0.361,0.352,,GHA,0.051,0.049,0.848,0.848,,,,DOM,0.721,0.721,0.734,0.612,,ECU,0.695,0.669,0.948,0.948,,,,HRV,0.864,0.586,0.947,0.947,,GEO,1.000,0.564,1.000,0.897,,,,FRA,0.827,0.743,0.981,0.981,,DNK,0.278,0.278,0.689,0.689,,,,HND,0.046,0.046,0.955,0.955,,IDN,0.373,0.373,0.623,0.623,,,,GTM,0.092,0.092,0.933,0.933,,FRA,0.550,0.550,0.842,0.842,,,,IDN,1.000,0.602,1.000,0.696,,IDN,0.373,0.373,0.365,0.365,,,,FRA,0.655,0.596,0.194,0.194,,FRA,0.550,0.550,0.588,0.588
GMB,0.043,0.043,0.553,0.537,,GIN,0.055,0.055,0.719,0.719,,,,ECU,0.580,0.580,0.733,0.733,,EGY,0.773,0.772,0.976,0.976,,,,HUN,0.763,0.394,0.920,0.920,,GHA,0.398,0.183,0.736,0.736,,,,GBR,0.653,0.556,0.942,0.942,,DOM,0.720,0.720,0.958,0.818,,,,HRV,0.222,0.174,0.998,0.998,,IND,0.297,0.297,0.524,0.524,,,,GUY,0.083,0.083,0.949,0.949,,GAB,0.806,0.806,0.778,0.697,,,,IND,0.297,0.297,0.451,0.323,,IND,0.297,0.297,0.394,0.394,,,,GAB,0.959,0.936,0.862,0.482,,GAB,0.806,0.806,0.410,0.377
GTM,0.059,0.059,0.600,0.588,,GMB,0.055,0.055,0.695,0.695,,,,EGY,0.637,0.637,0.623,0.598,,ESP,1.000,0.983,1.000,0.999,,,,IDN,0.077,0.077,0.722,0.722,,GIN,0.050,0.050,0.597,0.597,,,,GEO,0.684,0.684,0.933,0.897,,ECU,0.935,0.644,0.950,0.796,,,,IDN,0.247,0.115,0.995,0.994,,IRN,0.575,0.575,0.839,0.713,,,,HND,0.057,0.057,0.955,0.955,,GBR,0.672,0.631,0.941,0.941,,,,IRN,0.575,0.575,0.453,0.323,,IRN,0.708,0.586,0.555,0.456,,,,GBR,0.642,0.584,0.192,0.192,,GBR,0.540,0.540,0.712,0.712
GUY,0.075,0.066,0.852,0.833,,GNB,0.058,0.058,0.684,0.684,,,,ESP,1.000,1.000,1.000,1.000,,EST,0.714,0.697,0.963,0.963,,,,IND,0.062,0.062,0.619,0.619,,GMB,0.050,0.050,0.586,0.586,,,,GHA,0.547,0.547,0.499,0.499,,EGY,0.636,0.636,0.927,0.771,,,,IND,0.062,0.062,0.862,0.862,,JAM,0.259,0.217,0.761,0.761,,,,HRV,0.237,0.189,0.998,0.998,,GHA,0.540,0.540,0.556,0.556,,,,JAM,0.210,0.210,0.147,0.147,,JAM,0.259,0.225,0.528,0.528,,,,GHA,0.643,0.572,0.147,0.147,,GHA,0.540,0.540,0.328,0.328
HND,0.050,0.036,0.666,0.656,,GTM,0.364,0.214,0.917,0.917,,,,EST,0.829,0.642,0.802,0.802,,ETH,0.554,0.554,0.797,0.797,,,,IRN,0.118,0.118,0.932,0.834,,GNB,0.622,0.349,0.941,0.783,,,,GIN,0.571,0.571,0.310,0.310,,ESP,0.706,0.706,0.963,0.814,,,,IRN,0.117,0.117,0.980,0.980,,KEN,0.243,0.243,0.480,0.480,,,,IDN,0.255,0.130,0.995,0.994,,GMB,0.567,0.567,0.309,0.309,,,,KEN,0.653,0.288,0.435,0.435,,KEN,0.243,0.243,0.211,0.211,,,,GMB,0.674,0.575,0.065,0.065,,GMB,0.567,0.567,0.065,0.065
HRV,0.075,0.072,0.948,0.927,,GUY,0.069,0.069,0.812,0.812,,,,ETH,0.553,0.553,0.263,0.263,,FIN,0.516,0.502,0.990,0.990,,,,JAM,0.043,0.043,0.746,0.746,,GTM,0.813,0.370,0.971,0.826,,,,GTM,0.647,0.647,0.456,0.456,,EST,0.585,0.585,0.837,0.706,,,,KEN,0.051,0.051,0.866,0.866,,KGZ,0.408,0.284,0.842,0.842,,,,IND,0.076,0.076,0.862,0.862,,GTM,0.642,0.642,0.396,0.389,,,,KGZ,0.230,0.230,0.093,0.093,,KGZ,0.422,0.379,0.937,0.937,,,,GTM,0.979,0.785,0.660,0.484,,GTM,0.642,0.642,0.199,0.199
HUN,0.066,0.065,0.979,0.954,,HND,0.225,0.217,0.957,0.957,,,,FIN,0.546,0.523,0.919,0.919,,FJI,0.730,0.719,0.968,0.968,,,,KEN,0.050,0.050,0.506,0.506,,GUY,0.062,0.062,0.721,0.623,,,,GUY,0.628,0.628,0.799,0.799,,ETH,0.551,0.551,0.657,0.657,,,,KGZ,0.152,0.123,0.998,0.998,,KHM,0.312,0.312,0.388,0.388,,,,IRN,0.146,0.146,0.980,0.980,,GUY,0.623,0.623,0.646,0.646,,,,KHM,0.837,0.455,0.814,0.567,,KHM,0.312,0.312,0.082,0.082,,,,GUY,0.741,0.722,0.518,0.368,,GUY,0.623,0.623,0.511,0.511
IDN,0.084,0.068,0.763,0.748,,HRV,0.228,0.086,0.880,0.880,,,,FJI,0.601,0.601,0.659,0.659,,FRA,0.717,0.692,0.988,0.988,,,,KGZ,0.048,0.048,0.809,0.809,,HND,0.497,0.269,0.772,0.772,,,,HND,0.547,0.547,0.491,0.491,,FIN,0.384,0.384,0.685,0.685,,,,KHM,0.066,0.066,0.872,0.872,,KOR,0.528,0.510,0.982,0.982,,,,ITA,0.360,0.331,0.999,0.999,,HND,0.541,0.541,0.500,0.500,,,,KOR,0.298,0.298,0.179,0.128,,KOR,0.367,0.319,0.529,0.529,,,,HND,0.825,0.690,0.486,0.486,,HND,0.541,0.541,0.273,0.273
IND,0.048,0.048,0.646,0.630,,HUN,0.301,0.187,0.920,0.920,,,,FRA,0.760,0.615,0.824,0.824,,GBR,0.793,0.739,0.998,0.998,,,,KNA,1.000,1.000,1.000,1.000,,HRV,0.062,0.062,0.803,0.694,,,,HRV,0.815,0.719,0.987,0.949,,FJI,0.600,0.600,0.885,0.745,,,,LAO,0.071,0.071,0.721,0.721,,LAO,0.337,0.337,0.406,0.406,,,,KEN,0.062,0.062,0.866,0.866,,HRV,0.846,0.684,0.889,0.879,,,,LAO,0.337,0.337,0.723,0.465,,LAO,0.337,0.337,0.093,0.093,,,,HRV,0.809,0.697,0.215,0.101,,HRV,0.679,0.679,0.772,0.772
IRN,0.126,0.108,0.817,0.807,,IDN,0.375,0.234,0.920,0.920,,,,GBR,0.745,0.561,0.788,0.788,,GEO,0.896,0.894,0.998,0.996,,,,KOR,0.721,0.545,0.959,0.959,,HUN,0.293,0.096,0.839,0.708,,,,HUN,0.670,0.670,0.920,0.920,,FRA,0.536,0.536,0.731,0.731,,,,LBN,1.000,1.000,1.000,1.000,,LKA,0.881,0.772,0.927,0.876,,,,KGZ,0.157,0.130,0.998,0.998,,HTI,0.577,0.577,0.401,0.401,,,,LKA,0.715,0.715,0.451,0.370,,LKA,0.715,0.715,0.354,0.331,,,,HTI,0.687,0.596,0.139,0.098,,HTI,0.577,0.577,0.324,0.324
JAM,0.046,0.040,0.816,0.809,,IND,0.299,0.171,0.914,0.914,,,,GEO,0.674,0.674,0.762,0.748,,GHA,0.535,0.535,0.848,0.848,,,,LAO,0.070,0.070,0.444,0.444,,IDN,0.664,0.295,0.945,0.809,,,,IDN,0.661,0.661,0.722,0.722,,GBR,0.525,0.525,0.731,0.731,,,,LKA,0.155,0.155,0.982,0.982,,LSO,0.215,0.215,0.475,0.475,,,,KHM,0.080,0.080,0.872,0.872,,HUN,0.824,0.701,0.912,0.898,,,,LSO,0.578,0.260,0.441,0.441,,LSO,0.215,0.215,0.224,0.224,,,,HUN,0.662,0.662,0.062,0.029,,HUN,0.662,0.662,0.791,0.791
KEN,0.039,0.039,0.574,0.557,,IRN,1.000,1.000,1.000,1.000,,,,GHA,0.534,0.534,0.427,0.427,,GIN,0.561,0.561,0.719,0.719,,,,LBN,0.882,0.882,0.820,0.812,,IND,0.668,0.274,0.904,0.770,,,,IND,0.605,0.605,0.619,0.619,,GEO,1.000,0.736,1.000,0.858,,,,LSO,0.044,0.044,0.850,0.849,,LTU,0.491,0.399,0.903,0.903,,,,LAO,0.086,0.086,0.721,0.721,,IDN,0.656,0.656,0.620,0.610,,,,LTU,0.277,0.277,0.168,0.121,,LTU,0.341,0.337,0.771,0.771,,,,IDN,1.000,0.862,1.000,0.608,,IDN,0.656,0.656,0.365,0.365
KGZ,0.052,0.045,0.823,0.812,,KEN,0.055,0.052,0.840,0.840,,,,GIN,0.560,0.560,0.282,0.282,,GMB,0.562,0.562,0.695,0.695,,,,LCA,0.060,0.060,0.819,0.819,,IRN,1.000,0.492,1.000,0.899,,,,IRN,0.764,0.764,0.833,0.808,,GHA,0.532,0.532,0.736,0.736,,,,LTU,0.174,0.158,0.999,0.999,,LVA,0.344,0.257,0.868,0.868,,,,LBN,1.000,1.000,1.000,1.000,,IND,0.600,0.600,0.512,0.512,,,,LVA,0.194,0.194,0.044,0.044,,LVA,0.239,0.215,0.589,0.589,,,,IND,0.714,0.681,0.451,0.309,,IND,0.600,0.600,0.394,0.394
KNA,1.000,0.918,1.000,0.910,,KGZ,0.154,0.065,0.883,0.883,,,,GMB,0.561,0.561,0.431,0.431,,GNB,0.571,0.571,0.684,0.684,,,,LKA,0.181,0.178,0.999,0.919,,KEN,0.544,0.298,0.773,0.773,,,,ISL,0.366,0.366,0.885,0.885,,GIN,0.558,0.558,0.597,0.597,,,,LVA,0.123,0.109,0.999,0.999,,MAR,0.254,0.254,0.430,0.430,,,,LKA,0.184,0.184,0.982,0.982,,IRN,0.759,0.759,0.706,0.703,,,,MAR,0.683,0.344,0.472,0.472,,MAR,0.254,0.254,0.187,0.187,,,,IRN,0.903,0.816,0.453,0.239,,IRN,0.759,0.759,0.442,0.442
KOR,0.061,0.056,0.925,0.899,,KHM,0.317,0.308,0.958,0.958,,,,GTM,0.636,0.636,0.494,0.474,,GTM,0.762,0.691,0.917,0.917,,,,LSO,0.044,0.044,0.339,0.339,,KGZ,0.231,0.098,0.700,0.700,,,,ITA,1.000,0.913,1.000,0.987,,GMB,0.560,0.560,0.586,0.586,,,,MAR,0.052,0.052,0.841,0.841,,MDA,0.238,0.228,0.820,0.820,,,,LSO,0.055,0.055,0.850,0.849,,ISL,0.443,0.388,0.907,0.907,,,,MDA,0.193,0.193,0.058,0.058,,MDA,0.342,0.250,0.817,0.817,,,,ISL,0.424,0.421,0.379,0.379,,ISL,0.356,0.356,0.328,0.328
LAO,0.056,0.056,0.481,0.471,,KNA,1.000,1.000,1.000,1.000,,,,GUY,0.617,0.617,0.665,0.665,,GUY,0.618,0.618,0.812,0.812,,,,LTU,0.679,0.456,0.945,0.945,,KHM,1.000,0.567,1.000,0.868,,,,JAM,0.542,0.542,0.746,0.746,,GNB,0.844,0.620,0.922,0.780,,,,MDA,0.126,0.066,0.995,0.995,,MEX,0.242,0.242,0.713,0.713,,,,LTU,0.187,0.171,0.999,0.999,,ITA,0.834,0.834,0.901,0.821,,,,MEX,0.242,0.242,0.282,0.282,,MEX,0.242,0.242,0.310,0.310,,,,ITA,0.992,0.910,0.532,0.308,,ITA,0.834,0.834,0.617,0.575
LBN,1.000,1.000,1.000,1.000,,KOR,0.497,0.413,0.982,0.982,,,,HND,0.534,0.534,0.529,0.529,,HND,0.640,0.627,0.957,0.957,,,,LVA,0.478,0.184,0.898,0.898,,KNA,0.856,0.856,0.887,0.883,,,,KAZ,1.000,1.000,1.000,1.000,,GTM,0.943,0.651,0.971,0.808,,,,MDG,0.056,0.056,0.709,0.709,,MLI,0.264,0.264,0.184,0.184,,,,LVA,0.131,0.118,0.999,0.999,,JAM,0.535,0.535,0.743,0.743,,,,MLI,0.264,0.264,0.169,0.117,,MLI,0.264,0.264,0.072,0.072,,,,JAM,0.637,0.567,0.147,0.147,,JAM,0.535,0.535,0.528,0.528
LCA,0.064,0.058,0.864,0.842,,LAO,0.342,0.268,0.938,0.938,,,,HRV,0.671,0.671,0.782,0.766,,HRV,0.778,0.677,0.882,0.880,,,,MAR,0.052,0.052,0.534,0.534,,KOR,0.272,0.076,0.687,0.687,,,,KEN,0.560,0.560,0.506,0.506,,GUY,0.616,0.616,0.721,0.616,,,,MEX,0.049,0.049,0.987,0.987,,MNG,0.316,0.316,0.734,0.734,,,,MAR,0.065,0.065,0.841,0.841,,KAZ,1.000,1.000,1.000,1.000,,,,MNG,0.316,0.316,0.177,0.124,,MNG,0.389,0.368,0.684,0.684,,,,KAZ,1.000,1.000,1.000,0.065,,KAZ,1.000,1.000,1.000,1.000
LKA,0.179,0.169,0.940,0.932,,LBN,1.000,1.000,1.000,1.000,,,,HUN,0.692,0.659,0.807,0.782,,HUN,0.783,0.715,0.920,0.920,,,,MDA,0.040,0.040,0.779,0.779,,LAO,1.000,0.562,1.000,0.874,,,,KGZ,0.550,0.550,0.809,0.809,,HND,0.791,0.575,0.772,0.772,,,,MLI,0.055,0.055,0.470,0.470,,MOZ,0.242,0.242,0.203,0.203,,,,MDA,0.131,0.074,0.995,0.995,,KEN,0.554,0.554,0.469,0.469,,,,MOZ,0.242,0.242,0.372,0.372,,MOZ,0.242,0.242,0.070,0.070,,,,KEN,0.845,0.680,0.435,0.435,,KEN,0.554,0.554,0.211,0.211
LSO,0.034,0.034,0.480,0.472,,LKA,1.000,0.742,1.000,0.984,,,,IDN,0.650,0.650,0.629,0.608,,IDN,0.778,0.711,0.920,0.920,,,,MDG,0.056,0.056,0.292,0.292,,LBN,1.000,1.000,1.000,1.000,,,,KNA,0.974,0.974,0.890,0.887,,HRV,0.670,0.670,0.839,0.718,,,,MNG,0.065,0.065,0.985,0.985,,MRT,0.291,0.291,0.373,0.373,,,,MDG,0.068,0.068,0.709,0.709,,KGZ,0.544,0.544,0.822,0.822,,,,MRT,1.000,0.689,1.000,0.749,,MRT,0.291,0.291,0.134,0.134,,,,KGZ,0.647,0.560,0.093,0.093,,KGZ,0.677,0.574,0.937,0.937
LTU,0.059,0.058,0.984,0.955,,LSO,0.045,0.045,0.798,0.798,,,,IND,0.594,0.594,0.504,0.504,,IND,0.711,0.642,0.914,0.914,,,,MEX,0.049,0.049,0.672,0.672,,LKA,0.180,0.166,0.943,0.871,,,,KOR,1.000,0.794,1.000,0.963,,HUN,0.651,0.651,0.890,0.750,,,,MOZ,0.051,0.051,0.672,0.672,,MUS,0.425,0.425,0.726,0.726,,,,MEX,0.061,0.061,0.987,0.987,,KHM,0.604,0.604,0.379,0.379,,,,MUS,0.425,0.425,0.353,0.203,,MUS,0.524,0.498,0.693,0.693,,,,KHM,0.921,0.774,0.761,0.524,,KHM,0.604,0.604,0.082,0.082
LVA,0.766,0.126,0.976,0.963,,LTU,0.470,0.325,0.971,0.971,,,,IRN,0.753,0.753,0.817,0.702,,IRN,1.000,1.000,1.000,1.000,,,,MLI,0.055,0.055,0.315,0.315,,LSO,0.478,0.193,0.744,0.744,,,,LAO,0.628,0.628,0.444,0.444,,IDN,0.649,0.649,0.945,0.794,,,,MUS,0.086,0.086,0.982,0.982,,MWI,0.251,0.251,0.374,0.374,,,,MLI,0.067,0.067,0.470,0.470,,KOR,0.848,0.825,0.977,0.966,,,,MWI,0.251,0.251,0.325,0.325,,MWI,0.251,0.251,0.127,0.127,,,,KOR,0.810,0.710,0.294,0.139,,KOR,0.681,0.681,0.529,0.529
MAR,0.040,0.040,0.613,0.595,,LVA,0.331,0.242,0.974,0.974,,,,ISL,0.489,0.395,0.824,0.824,,ISL,0.462,0.450,0.990,0.990,,,,MOZ,0.050,0.050,0.171,0.171,,LTU,0.261,0.077,0.688,0.688,,,,LBN,0.913,0.913,0.730,0.721,,IND,0.592,0.592,0.904,0.767,,,,MWI,0.052,0.052,0.738,0.737,,MYS,0.369,0.261,0.848,0.848,,,,MNG,0.080,0.080,0.985,0.985,,LAO,0.623,0.623,0.396,0.396,,,,MYS,0.208,0.208,0.191,0.191,,MYS,0.256,0.232,0.603,0.603,,,,LAO,0.741,0.737,0.588,0.418,,LAO,0.623,0.623,0.093,0.093
MDA,0.043,0.037,0.811,0.802,,MAR,0.254,0.254,0.961,0.961,,,,ITA,0.823,0.823,0.971,0.884,,ITA,1.000,1.000,1.000,1.000,,,,MRT,0.061,0.061,0.228,0.228,,LVA,0.185,0.087,0.704,0.704,,,,LCA,0.617,0.617,0.819,0.819,,IRN,0.752,0.752,0.993,0.868,,,,MYS,0.041,0.041,0.985,0.984,,NAM,0.143,0.143,0.496,0.496,,,,MOZ,0.062,0.062,0.672,0.672,,LKA,0.761,0.761,0.779,0.776,,,,NAM,0.384,0.185,0.458,0.458,,NAM,0.143,0.143,0.256,0.256,,,,LKA,0.905,0.818,0.451,0.238,,LKA,0.761,0.761,0.282,0.282
MDG,0.044,0.044,0.341,0.332,,MDA,0.128,0.045,0.878,0.878,,,,JAM,0.528,0.528,0.654,0.654,,KAZ,1.000,1.000,1.000,1.000,,,,MUS,0.103,0.091,0.938,0.848,,MAR,0.734,0.326,0.780,0.780,,,,LKA,0.764,0.764,0.893,0.867,,ISL,0.344,0.344,0.675,0.675,,,,NAM,0.029,0.029,0.944,0.944,,NER,0.251,0.251,0.167,0.167,,,,MUS,0.108,0.108,0.982,0.982,,LSO,0.529,0.529,0.464,0.464,,,,NER,0.251,0.251,0.293,0.293,,NER,0.251,0.251,0.056,0.056,,,,LSO,0.807,0.652,0.441,0.441,,LSO,0.529,0.529,0.224,0.224
MEX,0.052,0.044,0.796,0.785,,MEX,0.238,0.222,0.954,0.954,,,,KAZ,1.000,1.000,1.000,1.000,,KEN,0.549,0.549,0.840,0.840,,,,MWI,0.052,0.052,0.309,0.309,,MDA,0.036,0.036,0.638,0.638,,,,LSO,0.535,0.535,0.339,0.339,,ITA,0.821,0.821,0.930,0.849,,,,NER,0.052,0.052,0.235,0.235,,NIC,0.273,0.273,0.536,0.536,,,,MWI,0.064,0.064,0.738,0.737,,LTU,0.794,0.655,0.881,0.881,,,,NIC,0.273,0.273,0.273,0.194,,NIC,0.273,0.273,0.266,0.266,,,,LTU,0.759,0.665,0.179,0.130,,LTU,0.638,0.638,0.771,0.771
MKD,0.067,0.054,0.770,0.751,,MKD,0.068,0.067,0.864,0.864,,,,KEN,0.548,0.548,0.448,0.448,,KGZ,0.622,0.546,0.883,0.883,,,,MYS,0.042,0.042,0.671,0.671,,MDG,1.000,1.000,1.000,1.000,,,,LTU,0.767,0.671,0.945,0.945,,KAZ,1.000,1.000,1.000,1.000,,,,NPL,0.055,0.055,0.848,0.848,,NPL,0.263,0.263,0.374,0.374,,,,MYS,0.052,0.052,0.985,0.984,,LVA,0.543,0.543,0.848,0.848,,,,NPL,0.263,0.263,0.370,0.370,,NPL,0.263,0.263,0.214,0.214,,,,LVA,0.647,0.546,0.044,0.044,,LVA,0.543,0.543,0.589,0.589
MLI,0.043,0.043,0.383,0.373,,MLI,0.056,0.056,0.614,0.614,,,,KGZ,0.537,0.537,0.654,0.654,,KHM,0.716,0.703,0.958,0.958,,,,NER,0.052,0.052,0.132,0.132,,MEX,0.234,0.121,0.709,0.709,,,,LVA,0.552,0.552,0.898,0.898,,KEN,0.812,0.592,0.773,0.773,,,,OMN,0.065,0.065,0.987,0.987,,PAK,0.330,0.330,0.422,0.422,,,,NAM,0.036,0.036,0.944,0.944,,MAR,0.573,0.573,0.420,0.420,,,,PAK,0.330,0.330,0.497,0.362,,PAK,0.330,0.330,0.305,0.305,,,,MAR,0.874,0.723,0.683,0.475,,MAR,0.573,0.573,0.187,0.187
MNG,0.072,0.065,0.889,0.869,,MNG,0.553,0.346,0.966,0.966,,,,KNA,0.972,0.972,0.910,0.895,,KNA,0.972,0.972,0.939,0.924,,,,NIC,0.057,0.057,0.490,0.490,,MKD,0.056,0.056,0.732,0.624,,,,MAR,0.579,0.579,0.534,0.534,,KGZ,0.536,0.536,0.700,0.700,,,,PAK,0.069,0.069,0.717,0.716,,PAN,1.000,1.000,1.000,1.000,,,,NER,0.064,0.064,0.235,0.235,,MDA,0.509,0.509,0.801,0.801,,,,PAN,1.000,1.000,1.000,1.000,,PAN,1.000,1.000,1.000,0.636,,,,MDA,0.606,0.515,0.058,0.058,,MDA,0.509,0.509,0.817,0.817
MOZ,0.039,0.039,0.262,0.254,,MOZ,0.055,0.054,0.868,0.868,,,,KOR,0.670,0.670,0.763,0.747,,KOR,0.892,0.837,0.985,0.982,,,,NPL,0.055,0.055,0.570,0.570,,MLI,0.050,0.050,0.545,0.545,,,,MDA,0.515,0.515,0.779,0.779,,KHM,1.000,0.740,1.000,0.853,,,,PAN,0.206,0.206,0.977,0.977,,PER,0.418,0.418,0.715,0.715,,,,NPL,0.067,0.067,0.848,0.848,,MEX,0.586,0.586,0.697,0.697,,,,PER,0.418,0.418,0.826,0.468,,PER,0.514,0.463,0.591,0.591,,,,MEX,0.697,0.662,0.408,0.290,,MEX,0.586,0.586,0.310,0.310
MRT,0.048,0.048,0.244,0.238,,MRT,0.061,0.061,0.723,0.723,,,,LAO,0.617,0.617,0.396,0.375,,LAO,0.739,0.698,0.938,0.938,,,,OMN,0.837,0.383,0.910,0.910,,MNG,0.699,0.375,0.935,0.808,,,,MDG,0.576,0.576,0.292,0.292,,KNA,0.971,0.971,0.806,0.796,,,,PER,0.087,0.087,0.989,0.989,,PHL,0.381,0.381,0.680,0.680,,,,OMN,0.088,0.088,0.987,0.987,,MLI,0.569,0.569,0.179,0.179,,,,PHL,0.381,0.381,0.726,0.384,,PHL,0.381,0.381,0.342,0.342,,,,MLI,0.677,0.593,0.117,0.117,,MLI,0.569,0.569,0.072,0.072
MUS,0.092,0.084,0.880,0.865,,MUS,0.735,0.432,0.967,0.963,,,,LBN,0.913,0.913,0.667,0.648,,LBN,0.913,0.913,1.000,0.951,,,,PAK,0.069,0.069,0.390,0.390,,MOZ,0.434,0.165,0.723,0.723,,,,MEX,0.593,0.593,0.672,0.672,,KOR,0.668,0.668,0.884,0.756,,,,PHL,0.080,0.080,0.982,0.982,,POL,0.482,0.386,0.896,0.896,,,,PAK,0.084,0.084,0.717,0.716,,MNG,0.625,0.625,0.717,0.717,,,,POL,0.272,0.272,0.343,0.243,,POL,0.482,0.386,0.859,0.859,,,,MNG,0.744,0.648,0.165,0.118,,MNG,0.625,0.625,0.684,0.684
MWI,0.041,0.041,0.345,0.335,,MWI,0.443,0.342,0.977,0.977,,,,LCA,0.604,0.604,0.674,0.674,,LKA,0.919,0.894,0.984,0.966,,,,PAN,0.206,0.206,0.805,0.760,,MRT,0.055,0.055,0.803,0.681,,,,MLI,0.575,0.575,0.315,0.315,,LAO,1.000,0.739,1.000,0.854,,,,PRY,0.057,0.057,0.986,0.986,,PRY,0.279,0.279,0.618,0.618,,,,PAN,0.254,0.254,0.977,0.977,,MOZ,0.550,0.550,0.198,0.198,,,,PRY,0.748,0.444,0.758,0.548,,PRY,0.279,0.279,0.345,0.345,,,,MOZ,0.655,0.648,0.372,0.372,,MOZ,0.550,0.550,0.070,0.070
MYS,0.043,0.031,0.652,0.645,,MYS,0.354,0.280,0.979,0.979,,,,LKA,0.758,0.758,0.940,0.810,,LSO,0.524,0.524,0.798,0.798,,,,PER,0.086,0.087,0.880,0.795,,MUS,0.414,0.184,0.904,0.794,,,,MOZ,0.556,0.556,0.171,0.171,,LBN,0.913,0.913,0.909,0.872,,,,ROM,0.165,0.165,0.990,0.990,,ROM,1.000,1.000,1.000,1.000,,,,PER,0.106,0.106,0.989,0.989,,MRT,0.592,0.592,0.364,0.364,,,,ROM,0.812,0.812,0.045,0.040,,ROM,1.000,1.000,1.000,1.000,,,,MRT,1.000,0.868,1.000,0.718,,MRT,0.592,0.592,0.134,0.134
NER,0.041,0.041,0.152,0.147,,NAM,0.032,0.032,0.875,0.875,,,,LSO,0.522,0.522,0.382,0.382,,LTU,0.764,0.756,0.971,0.971,,,,PHL,0.080,0.080,0.644,0.644,,MWI,0.934,0.823,0.960,0.960,,,,MRT,0.597,0.597,0.228,0.228,,LKA,0.757,0.757,0.913,0.800,,,,RUS,0.322,0.247,0.998,0.998,,RUS,0.914,0.726,0.893,0.893,,,,PHL,0.097,0.097,0.982,0.982,,MUS,0.707,0.707,0.722,0.717,,,,RUS,0.515,0.515,0.095,0.063,,RUS,0.515,0.515,0.344,0.344,,,,MUS,0.842,0.746,0.353,0.173,,MUS,0.707,0.707,0.693,0.693
NGA,0.064,0.064,0.438,0.430,,NER,0.053,0.053,0.590,0.590,,,,LTU,0.665,0.639,0.811,0.773,,LVA,0.650,0.647,0.974,0.974,,,,POL,0.668,0.312,0.911,0.911,,MYS,0.197,0.069,0.693,0.693,,,,MUS,0.713,0.713,0.878,0.848,,LSO,0.521,0.521,0.744,0.744,,,,RWA,0.053,0.053,0.799,0.799,,RWA,0.252,0.252,0.347,0.347,,,,PRY,0.071,0.071,0.986,0.986,,MWI,0.557,0.557,0.365,0.365,,,,RWA,0.866,0.592,0.687,0.687,,RWA,0.252,0.252,0.109,0.109,,,,MWI,0.663,0.642,0.325,0.325,,MWI,0.557,0.557,0.127,0.127
NIC,0.062,0.046,0.705,0.686,,NGA,0.081,0.081,0.641,0.641,,,,LVA,0.754,0.562,0.783,0.783,,MAR,0.679,0.669,0.961,0.961,,,,PRY,0.058,0.058,0.631,0.631,,NAM,0.308,0.127,0.746,0.746,,,,MWI,0.562,0.562,0.309,0.309,,LTU,0.626,0.626,0.886,0.731,,,,SAU,0.024,0.024,0.993,0.993,,SAU,0.124,0.124,0.691,0.691,,,,ROM,0.205,0.205,0.990,0.990,,MYS,0.565,0.565,0.828,0.828,,,,SAU,0.124,0.124,0.259,0.259,,SAU,0.152,0.128,0.467,0.467,,,,MYS,0.672,0.611,0.191,0.191,,MYS,0.565,0.565,0.603,0.603
NPL,0.043,0.043,0.594,0.578,,NIC,0.481,0.339,0.972,0.972,,,,MAR,0.566,0.566,0.478,0.478,,MDA,0.581,0.504,0.878,0.878,,,,ROM,0.198,0.175,0.989,0.918,,NER,0.048,0.048,0.461,0.461,,,,MYS,0.574,0.574,0.671,0.671,,LVA,0.532,0.532,0.704,0.704,,,,SEN,0.048,0.048,0.623,0.623,,SDN,0.334,0.334,0.273,0.273,,,,RUS,0.347,0.273,0.998,0.998,,NAM,0.450,0.450,0.484,0.484,,,,SDN,1.000,0.662,1.000,0.735,,SDN,0.334,0.334,0.040,0.040,,,,NAM,0.687,0.563,0.458,0.458,,NAM,0.450,0.450,0.256,0.256
OMN,0.067,0.065,0.960,0.936,,NPL,0.465,0.348,0.975,0.975,,,,MDA,0.502,0.502,0.651,0.651,,MEX,0.692,0.673,0.954,0.954,,,,RWA,0.052,0.052,0.273,0.273,,NGA,0.074,0.074,0.783,0.680,,,,NER,0.562,0.562,0.132,0.132,,MAR,0.914,0.623,0.927,0.781,,,,SLE,0.056,0.056,0.571,0.570,,SEN,0.233,0.233,0.250,0.250,,,,RWA,0.064,0.064,0.799,0.799,,NER,0.556,0.556,0.163,0.163,,,,SEN,0.233,0.233,0.346,0.346,,SEN,0.233,0.233,0.043,0.043,,,,NER,0.662,0.632,0.293,0.293,,NER,0.556,0.556,0.056,0.056
PAK,0.054,0.054,0.369,0.362,,OMN,0.327,0.289,0.949,0.949,,,,MDG,0.565,0.565,0.266,0.266,,MKD,0.619,0.619,0.864,0.864,,,,SAU,0.024,0.024,0.810,0.810,,NIC,1.000,0.539,1.000,0.845,,,,NIC,0.588,0.588,0.490,0.490,,MDA,0.500,0.500,0.638,0.638,,,,SLV,0.068,0.068,0.966,0.966,,SLE,0.268,0.268,0.327,0.327,,,,SAU,0.031,0.031,0.993,0.993,,NIC,0.582,0.582,0.524,0.524,,,,SLE,0.268,0.268,0.281,0.197,,SLE,0.268,0.268,0.110,0.110,,,,NIC,0.693,0.629,0.273,0.193,,NIC,0.582,0.582,0.266,0.266
PAN,0.223,0.169,0.711,0.707,,PAK,0.070,0.070,0.727,0.727,,,,MEX,0.577,0.577,0.633,0.633,,MLI,0.565,0.565,0.614,0.614,,,,SLV,0.068,0.068,0.671,0.671,,NPL,0.979,0.843,0.953,0.953,,,,NLD,0.572,0.572,0.904,0.904,,MDG,1.000,1.000,1.000,1.000,,,,SWZ,0.041,0.041,0.936,0.935,,SLV,0.327,0.327,0.597,0.597,,,,SEN,0.059,0.059,0.623,0.623,,NLD,0.696,0.565,0.874,0.874,,,,SLV,0.327,0.327,0.484,0.350,,SLV,0.327,0.327,0.365,0.365,,,,NLD,0.666,0.591,0.144,0.144,,NLD,0.559,0.559,0.583,0.583
PER,0.097,0.088,0.904,0.889,,PAN,1.000,1.000,1.000,1.000,,,,MKD,0.618,0.618,0.635,0.601,,MNG,0.751,0.736,0.966,0.966,,,,SVN,0.461,0.291,0.939,0.939,,OMN,0.540,0.245,0.891,0.763,,,,NOR,0.465,0.378,0.955,0.955,,MEX,0.576,0.576,0.859,0.718,,,,TCD,0.059,0.059,0.388,0.388,,SVK,1.000,1.000,1.000,1.000,,,,SLE,0.068,0.068,0.571,0.570,,NOR,0.409,0.348,0.895,0.895,,,,SVK,0.564,0.564,0.043,0.030,,SVK,1.000,0.887,1.000,0.931,,,,NOR,0.328,0.328,0.005,0.005,,NOR,0.328,0.328,0.558,0.558
PHL,0.088,0.076,0.820,0.806,,PER,0.420,0.354,0.948,0.945,,,,MLI,0.563,0.563,0.299,0.299,,MOZ,0.545,0.545,0.868,0.868,,,,SWZ,0.041,0.041,0.344,0.344,,PAK,0.063,0.063,0.780,0.677,,,,NPL,0.574,0.574,0.570,0.570,,MKD,0.616,0.616,0.744,0.635,,,,TGO,0.053,0.053,0.820,0.820,,SVN,0.334,0.284,0.922,0.922,,,,SLV,0.083,0.083,0.966,0.966,,NPL,0.569,0.569,0.365,0.365,,,,SVN,0.189,0.189,0.032,0.032,,SVN,0.334,0.255,0.837,0.837,,,,NPL,0.677,0.669,0.370,0.370,,NPL,0.569,0.569,0.214,0.214
POL,0.058,0.055,0.958,0.930,,PHL,0.387,0.299,0.936,0.936,,,,MNG,0.618,0.618,0.733,0.695,,MRT,0.588,0.588,0.723,0.723,,,,THA,0.071,0.071,0.806,0.806,,PAN,1.000,0.663,1.000,0.959,,,,NZL,0.648,0.508,0.960,0.960,,MLI,0.562,0.562,0.545,0.545,,,,THA,0.070,0.070,0.977,0.977,,SWZ,0.201,0.201,0.419,0.419,,,,SWZ,0.051,0.051,0.936,0.935,,NZL,0.430,0.430,0.827,0.827,,,,SWZ,0.201,0.201,0.255,0.255,,SWZ,0.201,0.201,0.092,0.092,,,,NZL,0.660,0.566,0.532,0.532,,NZL,0.430,0.430,0.216,0.216
PRY,0.062,0.045,0.672,0.654,,POL,0.462,0.306,0.969,0.969,,,,MOZ,0.544,0.544,0.204,0.204,,MUS,0.851,0.830,0.965,0.964,,,,TJK,0.054,0.054,0.824,0.824,,PER,0.421,0.261,0.925,0.816,,,,OMN,0.780,0.780,0.957,0.932,,MNG,0.916,0.664,0.969,0.812,,,,TUN,0.039,0.039,0.969,0.969,,TGO,0.252,0.252,0.477,0.477,,,,TCD,0.072,0.072,0.388,0.388,,PAK,0.619,0.619,0.412,0.412,,,,TGO,0.676,0.257,0.400,0.400,,TGO,0.252,0.252,0.173,0.173,,,,PAK,0.736,0.706,0.464,0.328,,PAK,0.619,0.619,0.305,0.305
ROM,0.181,0.169,0.927,0.920,,PRY,0.186,0.099,0.891,0.891,,,,MRT,0.586,0.586,0.190,0.190,,MWI,0.732,0.671,0.977,0.977,,,,TUR,0.062,0.062,0.834,0.834,,PHL,0.869,0.464,0.992,0.859,,,,PAK,0.624,0.624,0.390,0.390,,MOZ,0.543,0.543,0.723,0.723,,,,TUR,0.061,0.061,0.989,0.989,,THA,0.346,0.346,0.646,0.646,,,,TGO,0.064,0.064,0.820,0.820,,PAN,0.840,0.840,0.840,0.769,,,,THA,0.929,0.387,0.796,0.523,,THA,0.346,0.346,0.300,0.300,,,,PAN,1.000,1.000,1.000,0.583,,PAN,0.840,0.840,0.447,0.418
RUS,0.108,0.099,0.914,0.900,,ROM,0.536,0.222,0.918,0.907,,,,MUS,0.701,0.701,0.726,0.723,,MYS,0.739,0.683,0.979,0.979,,,,UKR,0.438,0.077,0.860,0.860,,POL,0.257,0.058,0.682,0.682,,,,PAN,0.844,0.844,0.727,0.710,,MRT,0.585,0.585,0.803,0.677,,,,TZA,0.055,0.055,0.821,0.821,,TJK,0.320,0.288,0.791,0.791,,,,THA,0.088,0.088,0.977,0.977,,PER,0.681,0.681,0.712,0.704,,,,TJK,0.260,0.260,0.155,0.155,,TJK,0.477,0.416,0.920,0.920,,,,PER,0.811,0.786,0.826,0.391,,PER,0.681,0.681,0.591,0.591
RWA,0.041,0.041,0.340,0.331,,RUS,0.497,0.483,0.962,0.961,,,,MWI,0.551,0.551,0.269,0.269,,NAM,0.444,0.444,0.875,0.875,,,,URY,0.049,0.049,0.738,0.738,,PRY,0.279,0.152,0.863,0.716,,,,PER,0.687,0.687,0.821,0.790,,MUS,0.699,0.699,0.941,0.792,,,,UGA,0.057,0.057,0.856,0.856,,TTO,0.250,0.248,0.837,0.837,,,,TUN,0.049,0.049,0.969,0.969,,PHL,0.650,0.650,0.677,0.665,,,,TTO,0.545,0.268,0.464,0.464,,TTO,0.250,0.249,0.785,0.785,,,,PHL,0.773,0.736,0.441,0.327,,PHL,0.650,0.650,0.342,0.342
SAU,0.025,0.025,0.941,0.941,,RWA,0.446,0.289,0.967,0.967,,,,MYS,0.555,0.555,0.523,0.523,,NER,0.552,0.552,0.590,0.590,,,,VCT,0.519,0.134,0.872,0.872,,ROM,0.148,0.148,0.901,0.838,,,,PHL,0.654,0.654,0.644,0.644,,MWI,0.975,0.908,0.960,0.960,,,,UKR,1.000,1.000,1.000,1.000,,TUN,0.195,0.195,0.623,0.623,,,,TUR,0.077,0.077,0.989,0.989,,POL,0.786,0.639,0.875,0.875,,,,TUN,0.195,0.195,0.355,0.355,,TUN,0.195,0.195,0.234,0.234,,,,POL,0.751,0.698,0.364,0.262,,POL,0.631,0.631,0.859,0.859
SDN,0.055,0.055,0.383,0.375,,SAU,0.117,0.083,0.929,0.929,,,,NER,0.550,0.550,0.118,0.118,,NGA,0.645,0.645,0.641,0.641,,,,VEN,0.052,0.052,0.727,0.727,,RUS,0.481,0.117,0.922,0.801,,,,POL,0.640,0.640,0.911,0.911,,MYS,0.553,0.553,0.693,0.693,,,,URY,0.048,0.048,0.989,0.989,,TUR,0.307,0.307,0.587,0.587,,,,TZA,0.067,0.067,0.821,0.821,,PRY,0.594,0.594,0.603,0.603,,,,TUR,1.000,0.669,1.000,0.736,,TUR,0.307,0.307,0.343,0.343,,,,PRY,0.907,0.779,0.806,0.546,,PRY,0.594,0.594,0.345,0.345
SEN,0.038,0.038,0.390,0.385,,SDN,0.071,0.071,0.557,0.557,,,,NGA,0.644,0.644,0.361,0.348,,NIC,0.699,0.694,0.972,0.972,,,,VUT,0.051,0.051,0.506,0.506,,RWA,0.938,0.798,0.949,0.949,,,,PRY,0.600,0.600,0.631,0.631,,NAM,0.441,0.441,0.746,0.746,,,,VEN,0.051,0.051,0.984,0.984,,TZA,0.264,0.264,0.473,0.473,,,,UGA,0.070,0.070,0.856,0.856,,ROM,0.819,0.819,0.944,0.853,,,,TZA,1.000,1.000,1.000,1.000,,TZA,0.264,0.264,0.041,0.041,,,,ROM,0.819,0.819,0.045,0.026,,ROM,0.819,0.819,0.867,0.802
SLB,0.032,0.032,0.447,0.442,,SEN,0.049,0.049,0.707,0.707,,,,NIC,0.576,0.576,0.550,0.550,,NLD,0.773,0.728,0.996,0.996,,,,ZWE,0.048,0.048,0.439,0.439,,SAU,0.112,0.055,0.706,0.706,,,,ROM,0.823,0.823,0.884,0.869,,NER,0.549,0.549,0.461,0.461,,,,VNM,0.052,0.052,0.971,0.971,,UGA,0.273,0.273,0.463,0.463,,,,UKR,1.000,1.000,1.000,1.000,,RUS,0.960,0.776,0.893,0.890,,,,UGA,0.273,0.273,0.388,0.276,,UGA,0.273,0.273,0.087,0.087,,,,RUS,0.918,0.772,0.095,0.051,,RUS,0.771,0.771,0.344,0.344
SLE,0.044,0.044,0.428,0.417,,SLB,0.042,0.042,0.706,0.706,,,,NLD,0.884,0.795,0.958,0.958,,NOR,0.479,0.450,0.998,0.998,,,,,,,,,,SDN,0.064,0.064,0.585,0.510,,,,RWA,0.565,0.565,0.273,0.273,,NGA,0.643,0.643,0.783,0.655,,,,ZAF,0.041,0.041,0.988,0.988,,UKR,0.346,0.246,0.850,0.850,,,,URY,0.061,0.061,0.989,0.989,,RWA,0.559,0.559,0.339,0.339,,,,UKR,0.195,0.195,0.116,0.116,,UKR,0.241,0.211,0.545,0.545,,,,RWA,0.944,0.818,0.687,0.687,,RWA,0.559,0.559,0.109,0.109
SLV,0.074,0.057,0.727,0.711,,SLE,0.475,0.427,0.988,0.988,,,,NOR,0.448,0.370,0.834,0.834,,NPL,0.684,0.682,0.975,0.975,,,,,,,,,,SEN,0.044,0.044,0.557,0.557,,,,SAU,0.486,0.486,0.810,0.810,,NIC,1.000,0.742,1.000,0.851,,,,ZAR,0.055,0.055,0.836,0.836,,URY,0.243,0.243,0.651,0.651,,,,VEN,0.065,0.065,0.984,0.984,,SAU,0.474,0.474,0.675,0.675,,,,URY,0.833,0.550,0.670,0.670,,URY,0.243,0.243,0.293,0.293,,,,SAU,0.564,0.530,0.259,0.259,,SAU,0.474,0.474,0.467,0.467
SVK,0.113,0.103,0.879,0.867,,SLV,0.329,0.267,0.941,0.941,,,,NPL,0.563,0.563,0.463,0.463,,NZL,0.559,0.546,0.991,0.991,,,,,,,,,,SLB,0.579,0.261,0.782,0.782,,,,SLV,0.631,0.631,0.671,0.671,,NLD,0.543,0.543,0.731,0.731,,,,ZWE,0.048,0.048,0.907,0.907,,VEN,0.256,0.256,0.674,0.674,,,,VNM,0.064,0.064,0.971,0.971,,SDN,0.619,0.619,0.267,0.267,,,,VEN,0.687,0.347,0.472,0.472,,VEN,0.315,0.272,0.515,0.515,,,,SDN,0.951,0.860,0.935,0.661,,SDN,0.619,0.619,0.040,0.040
SVN,0.039,0.038,0.945,0.929,,SVN,0.318,0.242,0.977,0.977,,,,NZL,0.592,0.532,0.882,0.882,,OMN,0.905,0.872,0.971,0.953,,,,,,,,,,SLE,1.000,0.626,1.000,0.873,,,,SVN,0.563,0.563,0.939,0.939,,NOR,0.315,0.315,0.681,0.681,,,,,,,,,,VNM,0.251,0.251,0.586,0.586,,,,ZAF,0.051,0.051,0.988,0.988,,SEN,0.545,0.545,0.244,0.244,,,,VNM,0.251,0.251,0.243,0.243,,VNM,0.251,0.251,0.309,0.309,,,,SEN,0.648,0.634,0.346,0.346,,SEN,0.545,0.545,0.043,0.043
SWZ,0.031,0.031,0.558,0.552,,SWZ,0.042,0.042,0.801,0.801,,,,OMN,0.754,0.754,0.960,0.825,,PAK,0.614,0.614,0.727,0.727,,,,,,,,,,SLV,0.956,0.482,0.981,0.846,,,,SWE,0.444,0.398,0.949,0.949,,NPL,0.997,0.916,0.953,0.953,,,,,,,,,,ZAF,0.250,0.213,0.768,0.768,,,,ZAR,0.067,0.067,0.836,0.836,,SLE,0.571,0.571,0.320,0.320,,,,ZAF,0.203,0.203,0.111,0.111,,ZAF,0.360,0.259,0.811,0.811,,,,SLE,0.679,0.618,0.281,0.195,,SLE,0.571,0.571,0.110,0.110
TCD,0.046,0.046,0.217,0.211,,TCD,0.059,0.059,0.709,0.709,,,,PAK,0.613,0.613,0.288,0.288,,PAN,1.000,0.987,1.000,0.992,,,,,,,,,,SVK,0.518,0.185,0.936,0.826,,,,SWZ,0.531,0.531,0.344,0.344,,NZL,0.417,0.417,0.680,0.680,,,,,,,,,,ZAR,0.261,0.261,0.308,0.308,,,,ZWE,0.058,0.058,0.907,0.907,,SLV,0.626,0.626,0.583,0.583,,,,ZAR,0.261,0.261,0.146,0.146,,ZAR,0.261,0.261,0.201,0.201,,,,SLV,0.745,0.711,0.453,0.323,,SLV,0.626,0.626,0.365,0.365
TGO,0.041,0.041,0.520,0.505,,TGO,0.254,0.194,0.935,0.935,,,,PAN,0.836,0.836,0.711,0.654,,PER,0.809,0.774,0.947,0.945,,,,,,,,,,SVN,0.033,0.033,0.674,0.674,,,,THA,0.663,0.663,0.806,0.806,,OMN,0.751,0.751,0.985,0.860,,,,,,,,,,ZWE,0.230,0.230,0.605,0.605,,,,,,,,,,SVK,1.000,1.000,1.000,1.000,,,,ZWE,0.616,0.341,0.500,0.500,,ZWE,0.230,0.230,0.090,0.090,,,,SVK,0.798,0.798,0.043,0.024,,SVK,0.798,0.798,0.911,0.911
THA,0.077,0.072,0.926,0.906,,THA,0.343,0.257,0.934,0.934,,,,PER,0.676,0.676,0.745,0.732,,PHL,0.771,0.727,0.936,0.936,,,,,,,,,,SWZ,0.439,0.246,0.776,0.776,,,,TJK,0.573,0.573,0.824,0.824,,PAK,0.612,0.612,0.780,0.664,,,,,,,,,,,,,,,,,,,,,,,,SVN,0.689,0.594,0.901,0.901,,,,,,,,,,,,,,,,,,SVN,0.553,0.553,0.032,0.032,,SVN,0.553,0.553,0.837,0.837
TJK,0.059,0.051,0.814,0.792,,TJK,0.460,0.351,0.977,0.977,,,,PHL,0.644,0.644,0.676,0.652,,POL,0.756,0.746,0.969,0.969,,,,,,,,,,TCD,0.054,0.054,0.745,0.625,,,,TUR,0.659,0.659,0.834,0.834,,PAN,0.836,0.836,0.968,0.891,,,,,,,,,,,,,,,,,,,,,,,,SWE,0.453,0.381,0.889,0.889,,,,,,,,,,,,,,,,,,SWE,0.433,0.377,0.104,0.104,,SWE,0.364,0.364,0.715,0.715
TKM,0.113,0.096,0.811,0.800,,TTO,0.195,0.183,0.955,0.955,,,,POL,0.622,0.622,0.790,0.750,,PRY,0.681,0.607,0.891,0.891,,,,,,,,,,TGO,0.936,0.557,0.863,0.863,,,,UKR,0.526,0.526,0.860,0.860,,PER,0.675,0.675,0.963,0.795,,,,,,,,,,,,,,,,,,,,,,,,SWZ,0.524,0.524,0.409,0.409,,,,,,,,,,,,,,,,,,SWZ,0.624,0.585,0.255,0.255,,SWZ,0.524,0.524,0.092,0.092
TUN,0.042,0.037,0.831,0.821,,TUN,0.337,0.311,0.990,0.990,,,,PRY,0.588,0.588,0.524,0.524,,ROM,0.942,0.825,0.903,0.901,,,,,,,,,,THA,0.063,0.063,0.832,0.723,,,,URY,0.599,0.599,0.738,0.738,,PHL,0.955,0.691,0.992,0.831,,,,,,,,,,,,,,,,,,,,,,,,TGO,0.558,0.558,0.466,0.466,,,,,,,,,,,,,,,,,,TGO,0.850,0.667,0.400,0.400,,TGO,0.558,0.558,0.173,0.173
TUR,0.065,0.058,0.873,0.851,,TUR,0.300,0.261,0.947,0.947,,,,ROM,0.814,0.814,0.927,0.838,,RUS,0.914,0.897,0.981,0.965,,,,,,,,,,TJK,0.049,0.049,0.675,0.675,,,,USA,0.653,0.653,0.891,0.891,,POL,0.620,0.620,0.878,0.720,,,,,,,,,,,,,,,,,,,,,,,,THA,0.657,0.657,0.643,0.633,,,,,,,,,,,,,,,,,,THA,1.000,0.797,1.000,0.485,,THA,0.657,0.657,0.300,0.300
TZA,0.043,0.043,0.309,0.301,,TZA,0.060,0.057,0.837,0.837,,,,RUS,0.764,0.764,0.914,0.793,,RWA,0.672,0.661,0.967,0.967,,,,,,,,,,TKM,0.094,0.094,0.823,0.722,,,,VCT,0.568,0.568,0.872,0.872,,PRY,0.586,0.586,0.863,0.728,,,,,,,,,,,,,,,,,,,,,,,,TJK,0.567,0.567,0.773,0.773,,,,,,,,,,,,,,,,,,TJK,0.675,0.603,0.155,0.155,,TJK,0.706,0.570,0.920,0.920
UGA,0.045,0.045,0.221,0.215,,UGA,0.277,0.193,0.928,0.928,,,,RWA,0.553,0.553,0.266,0.266,,SAU,0.554,0.515,0.929,0.929,,,,,,,,,,TTO,0.331,0.132,0.726,0.726,,,,VEN,0.609,0.609,0.727,0.727,,ROM,0.813,0.813,0.872,0.793,,,,,,,,,,,,,,,,,,,,,,,,TTO,0.580,0.580,0.817,0.817,,,,,,,,,,,,,,,,,,TTO,0.884,0.727,0.672,0.472,,TTO,0.580,0.580,0.785,0.785
UKR,0.044,0.040,0.891,0.880,,UKR,0.339,0.194,0.961,0.961,,,,SAU,0.488,0.472,0.770,0.770,,SDN,0.615,0.615,0.557,0.557,,,,,,,,,,TUN,0.421,0.183,0.750,0.750,,,,VUT,0.564,0.564,0.506,0.506,,RUS,0.762,0.762,0.916,0.806,,,,,,,,,,,,,,,,,,,,,,,,TUN,0.523,0.523,0.609,0.609,,,,,,,,,,,,,,,,,,TUN,0.623,0.611,0.355,0.355,,TUN,0.523,0.523,0.234,0.234
URY,0.053,0.048,0.894,0.882,,URY,0.416,0.348,0.983,0.983,,,,SDN,0.614,0.614,0.299,0.299,,SEN,0.540,0.540,0.707,0.707,,,,,,,,,,TUR,0.293,0.121,0.848,0.716,,,,ZWE,0.546,0.546,0.439,0.439,,RWA,0.979,0.894,0.949,0.949,,,,,,,,,,,,,,,,,,,,,,,,TUR,0.651,0.651,0.585,0.575,,,,,,,,,,,,,,,,,,TUR,1.000,0.930,1.000,0.743,,TUR,0.651,0.651,0.343,0.343
VCT,0.052,0.052,0.980,0.966,,VCT,0.230,0.157,0.926,0.926,,,,SEN,0.538,0.538,0.310,0.310,,SLB,0.507,0.507,0.706,0.706,,,,,,,,,,TZA,0.050,0.050,0.622,0.622,,,,,,,,,,SAU,0.458,0.458,0.706,0.706,,,,,,,,,,,,,,,,,,,,,,,,TZA,0.570,0.570,0.462,0.462,,,,,,,,,,,,,,,,,,TZA,1.000,1.000,1.000,1.000,,TZA,0.570,0.570,0.041,0.041
VEN,0.054,0.047,0.817,0.792,,VEN,0.251,0.141,0.913,0.913,,,,SLB,0.505,0.505,0.358,0.358,,SLE,0.751,0.723,0.988,0.988,,,,,,,,,,UGA,0.808,0.385,0.956,0.795,,,,,,,,,,SDN,0.613,0.613,0.585,0.498,,,,,,,,,,,,,,,,,,,,,,,,UGA,0.575,0.575,0.452,0.452,,,,,,,,,,,,,,,,,,UGA,0.685,0.646,0.388,0.271,,UGA,0.575,0.575,0.087,0.087
VUT,0.040,0.040,0.543,0.527,,VNM,0.440,0.383,0.985,0.985,,,,SLE,0.565,0.565,0.334,0.334,,SLV,0.742,0.705,0.941,0.941,,,,,,,,,,UKR,0.192,0.111,0.715,0.715,,,,,,,,,,SEN,0.537,0.537,0.557,0.557,,,,,,,,,,,,,,,,,,,,,,,,UKR,0.519,0.519,0.830,0.830,,,,,,,,,,,,,,,,,,UKR,0.618,0.541,0.116,0.116,,UKR,0.519,0.519,0.545,0.545
ZAF,0.044,0.040,0.855,0.845,,VUT,0.056,0.055,0.860,0.860,,,,SLV,0.620,0.620,0.599,0.569,,SVN,0.661,0.660,0.977,0.977,,,,,,,,,,URY,0.515,0.242,0.758,0.758,,,,,,,,,,SLB,0.815,0.559,0.782,0.782,,,,,,,,,,,,,,,,,,,,,,,,URY,0.591,0.591,0.635,0.635,,,,,,,,,,,,,,,,,,URY,0.999,0.856,0.970,0.696,,URY,0.591,0.591,0.293,0.293
ZAR,0.043,0.043,0.390,0.379,,ZWE,0.052,0.052,0.875,0.875,,,,SVK,0.790,0.790,0.879,0.779,,SWE,0.502,0.487,0.997,0.997,,,,,,,,,,VCT,0.228,0.127,0.713,0.713,,,,,,,,,,SLE,1.000,0.782,1.000,0.873,,,,,,,,,,,,,,,,,,,,,,,,USA,1.000,1.000,1.000,1.000,,,,,,,,,,,,,,,,,,USA,0.638,0.638,0.054,0.039,,USA,0.638,0.638,0.506,0.506
ZWE,0.037,0.037,0.440,0.434,,,,,,,,,,SVN,0.543,0.543,0.758,0.758,,SWZ,0.519,0.519,0.801,0.801,,,,,,,,,,VEN,0.247,0.084,0.692,0.692,,,,,,,,,,SLV,1.000,0.712,1.000,0.840,,,,,,,,,,,,,,,,,,,,,,,,VEN,0.601,0.601,0.658,0.658,,,,,,,,,,,,,,,,,,VEN,0.917,0.758,0.726,0.498,,VEN,0.601,0.601,0.515,0.515
,,,,,,,,,,,,,,SWE,0.500,0.418,0.842,0.842,,TCD,0.577,0.577,0.709,0.709,,,,,,,,,,VNM,0.444,0.181,0.728,0.728,,,,,,,,,,SVK,0.788,0.788,0.930,0.832,,,,,,,,,,,,,,,,,,,,,,,,VNM,0.566,0.566,0.572,0.572,,,,,,,,,,,,,,,,,,VNM,0.673,0.628,0.243,0.243,,VNM,0.566,0.566,0.309,0.309
,,,,,,,,,,,,,,SWZ,0.517,0.517,0.448,0.448,,TGO,0.661,0.622,0.935,0.935,,,,,,,,,,VUT,0.780,0.426,0.819,0.819,,,,,,,,,,SVN,0.541,0.541,0.674,0.674,,,,,,,,,,,,,,,,,,,,,,,,ZAF,0.536,0.536,0.750,0.750,,,,,,,,,,,,,,,,,,ZAF,0.638,0.558,0.111,0.111,,ZAF,0.536,0.536,0.811,0.811
,,,,,,,,,,,,,,TCD,0.576,0.576,0.169,0.169,,THA,0.778,0.730,0.934,0.934,,,,,,,,,,ZAF,0.037,0.037,0.666,0.666,,,,,,,,,,SWE,0.522,0.355,0.750,0.750,,,,,,,,,,,,,,,,,,,,,,,,ZAR,0.564,0.564,0.301,0.301,,,,,,,,,,,,,,,,,,ZAR,0.671,0.597,0.146,0.146,,ZAR,0.564,0.564,0.201,0.201
,,,,,,,,,,,,,,TGO,0.552,0.552,0.406,0.406,,TJK,0.746,0.682,0.977,0.977,,,,,,,,,,ZAR,0.267,0.064,0.683,0.683,,,,,,,,,,SWZ,0.765,0.562,0.776,0.776,,,,,,,,,,,,,,,,,,,,,,,,ZWE,0.540,0.540,0.591,0.591,,,,,,,,,,,,,,,,,,ZWE,0.824,0.696,0.500,0.500,,ZWE,0.540,0.540,0.090,0.090
,,,,,,,,,,,,,,THA,0.650,0.650,0.763,0.738,,TTO,0.682,0.665,0.955,0.955,,,,,,,,,,ZWE,0.232,0.075,0.691,0.691,,,,,,,,,,TCD,0.575,0.575,0.745,0.622,,,,,,,,,,,,,,,,,,,,,,,,,,,,,,,,,,,,,,,,,,,,,,,,,,,,,,,,
,,,,,,,,,,,,,,TJK,0.561,0.561,0.635,0.635,,TUN,0.685,0.666,0.990,0.990,,,,,,,,,,,,,,,,,,,,,,,,TGO,0.977,0.747,0.863,0.863,,,,,,,,,,,,,,,,,,,,,,,,,,,,,,,,,,,,,,,,,,,,,,,,,,,,,,,,
,,,,,,,,,,,,,,TKM,0.712,0.712,0.811,0.671,,TUR,0.770,0.740,0.947,0.947,,,,,,,,,,,,,,,,,,,,,,,,THA,0.648,0.648,0.869,0.731,,,,,,,,,,,,,,,,,,,,,,,,,,,,,,,,,,,,,,,,,,,,,,,,,,,,,,,,
,,,,,,,,,,,,,,TUN,0.515,0.515,0.667,0.667,,TZA,0.565,0.565,0.837,0.837,,,,,,,,,,,,,,,,,,,,,,,,TJK,0.560,0.560,0.675,0.675,,,,,,,,,,,,,,,,,,,,,,,,,,,,,,,,,,,,,,,,,,,,,,,,,,,,,,,,
,,,,,,,,,,,,,,TUR,0.643,0.643,0.719,0.692,,UGA,0.682,0.633,0.928,0.928,,,,,,,,,,,,,,,,,,,,,,,,TKM,0.711,0.711,0.818,0.694,,,,,,,,,,,,,,,,,,,,,,,,,,,,,,,,,,,,,,,,,,,,,,,,,,,,,,,,
,,,,,,,,,,,,,,TZA,0.564,0.564,0.241,0.241,,UKR,0.622,0.605,0.961,0.961,,,,,,,,,,,,,,,,,,,,,,,,TTO,0.566,0.566,0.863,0.728,,,,,,,,,,,,,,,,,,,,,,,,,,,,,,,,,,,,,,,,,,,,,,,,,,,,,,,,
,,,,,,,,,,,,,,UGA,0.569,0.569,0.172,0.172,,URY,0.775,0.729,0.983,0.983,,,,,,,,,,,,,,,,,,,,,,,,TUN,0.763,0.519,0.750,0.750,,,,,,,,,,,,,,,,,,,,,,,,,,,,,,,,,,,,,,,,,,,,,,,,,,,,,,,,
,,,,,,,,,,,,,,UKR,0.511,0.511,0.714,0.714,,USA,0.749,0.706,0.937,0.937,,,,,,,,,,,,,,,,,,,,,,,,TUR,0.641,0.641,0.900,0.752,,,,,,,,,,,,,,,,,,,,,,,,,,,,,,,,,,,,,,,,,,,,,,,,,,,,,,,,
,,,,,,,,,,,,,,URY,0.583,0.583,0.711,0.711,,VCT,0.663,0.614,0.926,0.926,,,,,,,,,,,,,,,,,,,,,,,,TZA,0.562,0.562,0.622,0.622,,,,,,,,,,,,,,,,,,,,,,,,,,,,,,,,,,,,,,,,,,,,,,,,,,,,,,,,
,,,,,,,,,,,,,,USA,0.623,0.623,0.748,0.711,,VEN,0.710,0.640,0.913,0.913,,,,,,,,,,,,,,,,,,,,,,,,UGA,0.918,0.642,0.937,0.793,,,,,,,,,,,,,,,,,,,,,,,,,,,,,,,,,,,,,,,,,,,,,,,,,,,,,,,,
,,,,,,,,,,,,,,VCT,0.586,0.578,0.779,0.779,,VNM,0.743,0.708,0.985,0.985,,,,,,,,,,,,,,,,,,,,,,,,UKR,0.510,0.510,0.715,0.715,,,,,,,,,,,,,,,,,,,,,,,,,,,,,,,,,,,,,,,,,,,,,,,,,,,,,,,,
,,,,,,,,,,,,,,VEN,0.593,0.593,0.637,0.637,,VUT,0.554,0.554,0.860,0.860,,,,,,,,,,,,,,,,,,,,,,,,URY,0.863,0.601,0.919,0.771,,,,,,,,,,,,,,,,,,,,,,,,,,,,,,,,,,,,,,,,,,,,,,,,,,,,,,,,
,,,,,,,,,,,,,,VUT,0.552,0.552,0.424,0.424,,ZWE,0.536,0.536,0.875,0.875,,,,,,,,,,,,,,,,,,,,,,,,USA,0.620,0.620,0.881,0.723,,,,,,,,,,,,,,,,,,,,,,,,,,,,,,,,,,,,,,,,,,,,,,,,,,,,,,,,
,,,,,,,,,,,,,,ZAF,0.528,0.528,0.686,0.686,,,,,,,,,,,,,,,,,,,,,,,,,,,,,,VCT,0.552,0.552,0.713,0.713,,,,,,,,,,,,,,,,,,,,,,,,,,,,,,,,,,,,,,,,,,,,,,,,,,,,,,,,
,,,,,,,,,,,,,,ZAR,0.558,0.558,0.304,0.304,,,,,,,,,,,,,,,,,,,,,,,,,,,,,,VEN,0.591,0.591,0.840,0.712,,,,,,,,,,,,,,,,,,,,,,,,,,,,,,,,,,,,,,,,,,,,,,,,,,,,,,,,
,,,,,,,,,,,,,,ZWE,0.534,0.534,0.349,0.349,,,,,,,,,,,,,,,,,,,,,,,,,,,,,,VNM,0.558,0.558,0.728,0.728,,,,,,,,,,,,,,,,,,,,,,,,,,,,,,,,,,,,,,,,,,,,,,,,,,,,,,,,
,,,,,,,,,,,,,,,,,,,,,,,,,,,,,,,,,,,,,,,,,,,,,,,,VUT,0.923,0.673,0.819,0.819,,,,,,,,,,,,,,,,,,,,,,,,,,,,,,,,,,,,,,,,,,,,,,,,,,,,,,,,
,,,,,,,,,,,,,,,,,,,,,,,,,,,,,,,,,,,,,,,,,,,,,,,,ZAF,0.527,0.527,0.666,0.666,,,,,,,,,,,,,,,,,,,,,,,,,,,,,,,,,,,,,,,,,,,,,,,,,,,,,,,,
,,,,,,,,,,,,,,,,,,,,,,,,,,,,,,,,,,,,,,,,,,,,,,,,ZAR,0.557,0.557,0.683,0.683,,,,,,,,,,,,,,,,,,,,,,,,,,,,,,,,,,,,,,,,,,,,,,,,,,,,,,,,
,,,,,,,,,,,,,,,,,,,,,,,,,,,,,,,,,,,,,,,,,,,,,,,,ZWE,0.533,0.533,0.691,0.691,,,,,,,,,,,,,,,,,,,,,,,,,,,,,,,,,,,,,,,,,,,,,,,,,,,,,,,,